Time,Price
2025/4/3 15:35:00,34795
2025/4/3 15:35:00,34795
2025/4/3 15:35:00,34795
2025/4/3 15:35:00,34795
2025/4/3 15:35:00,34795
2025/4/3 15:35:00,34790
2025/4/3 15:35:00,34790
2025/4/3 15:35:00,34790
2025/4/3 15:35:00,34790
2025/4/3 15:35:00,34790
2025/4/3 15:35:00,34790
2025/4/3 15:35:00,34795
2025/4/3 15:35:00,34795
2025/4/3 15:35:01,34800
2025/4/3 15:35:01,34800
2025/4/3 15:35:01,34795
2025/4/3 15:35:01,34795
2025/4/3 15:35:01,34795
2025/4/3 15:35:01,34795
2025/4/3 15:35:01,34795
2025/4/3 15:35:01,34795
2025/4/3 15:35:01,34795
2025/4/3 15:35:01,34795
2025/4/3 15:35:01,34795
2025/4/3 15:35:01,34795
2025/4/3 15:35:01,34795
2025/4/3 15:35:01,34795
2025/4/3 15:35:02,34795
2025/4/3 15:35:02,34795
2025/4/3 15:35:02,34795
2025/4/3 15:35:02,34795
2025/4/3 15:35:02,34795
2025/4/3 15:35:02,34795
2025/4/3 15:35:02,34795
2025/4/3 15:35:02,34795
2025/4/3 15:35:03,34795
2025/4/3 15:35:03,34795
2025/4/3 15:35:03,34795
2025/4/3 15:35:03,34795
2025/4/3 15:35:03,34795
2025/4/3 15:35:04,34795
2025/4/3 15:35:04,34795
2025/4/3 15:35:04,34795
2025/4/3 15:35:04,34795
2025/4/3 15:35:04,34795
2025/4/3 15:35:04,34795
2025/4/3 15:35:04,34795
2025/4/3 15:35:04,34795
2025/4/3 15:35:04,34795
2025/4/3 15:35:05,34795
2025/4/3 15:35:05,34795
2025/4/3 15:35:05,34795
2025/4/3 15:35:05,34795
2025/4/3 15:35:05,34795
2025/4/3 15:35:05,34795
2025/4/3 15:35:06,34795
2025/4/3 15:35:06,34795
2025/4/3 15:35:06,34795
2025/4/3 15:35:06,34795
2025/4/3 15:35:06,34795
2025/4/3 15:35:06,34795
2025/4/3 15:35:07,34790
2025/4/3 15:35:07,34795
2025/4/3 15:35:07,34795
2025/4/3 15:35:07,34795
2025/4/3 15:35:07,34795
2025/4/3 15:35:07,34795
2025/4/3 15:35:07,34795
2025/4/3 15:35:08,34790
2025/4/3 15:35:08,34790
2025/4/3 15:35:08,34790
2025/4/3 15:35:08,34790
2025/4/3 15:35:08,34790
2025/4/3 15:35:08,34790
2025/4/3 15:35:08,34790
2025/4/3 15:35:09,34785
2025/4/3 15:35:09,34785
2025/4/3 15:35:09,34785
2025/4/3 15:35:09,34785
2025/4/3 15:35:09,34785
2025/4/3 15:35:09,34785
2025/4/3 15:35:09,34785
2025/4/3 15:35:09,34785
2025/4/3 15:35:09,34785
2025/4/3 15:35:09,34785
2025/4/3 15:35:09,34785
2025/4/3 15:35:10,34790
2025/4/3 15:35:10,34790
2025/4/3 15:35:10,34790
2025/4/3 15:35:10,34790
2025/4/3 15:35:10,34790
2025/4/3 15:35:10,34790
2025/4/3 15:35:10,34790
2025/4/3 15:35:10,34790
2025/4/3 15:35:10,34790
2025/4/3 15:35:10,34790
2025/4/3 15:35:11,34790
2025/4/3 15:35:12,34790
2025/4/3 15:35:12,34790
2025/4/3 15:35:12,34790
2025/4/3 15:35:12,34790
2025/4/3 15:35:12,34790
2025/4/3 15:35:12,34790
2025/4/3 15:35:12,34790
2025/4/3 15:35:12,34790
2025/4/3 15:35:13,34790
2025/4/3 15:35:13,34790
2025/4/3 15:35:13,34790
2025/4/3 15:35:13,34790
2025/4/3 15:35:13,34790
2025/4/3 15:35:13,34790
2025/4/3 15:35:14,34790
2025/4/3 15:35:14,34790
2025/4/3 15:35:14,34790
2025/4/3 15:35:14,34790
2025/4/3 15:35:14,34790
2025/4/3 15:35:14,34790
2025/4/3 15:35:14,34785
2025/4/3 15:35:14,34785
2025/4/3 15:35:14,34785
2025/4/3 15:35:14,34785
2025/4/3 15:35:14,34785
2025/4/3 15:35:14,34785
2025/4/3 15:35:15,34780
2025/4/3 15:35:15,34785
2025/4/3 15:35:15,34785
2025/4/3 15:35:15,34785
2025/4/3 15:35:15,34785
2025/4/3 15:35:15,34785
2025/4/3 15:35:15,34785
2025/4/3 15:35:15,34785
2025/4/3 15:35:15,34785
2025/4/3 15:35:15,34790
2025/4/3 15:35:15,34790
2025/4/3 15:35:16,34790
2025/4/3 15:35:16,34790
2025/4/3 15:35:16,34790
2025/4/3 15:35:16,34795
2025/4/3 15:35:16,34795
2025/4/3 15:35:16,34795
2025/4/3 15:35:16,34795
2025/4/3 15:35:16,34790
2025/4/3 15:35:16,34790
2025/4/3 15:35:16,34790
2025/4/3 15:35:16,34790
2025/4/3 15:35:17,34790
2025/4/3 15:35:17,34790
2025/4/3 15:35:17,34790
2025/4/3 15:35:17,34790
2025/4/3 15:35:18,34785
2025/4/3 15:35:18,34785
2025/4/3 15:35:18,34785
2025/4/3 15:35:18,34785
2025/4/3 15:35:18,34785
2025/4/3 15:35:18,34785
2025/4/3 15:35:18,34785
2025/4/3 15:35:18,34785
2025/4/3 15:35:18,34785
2025/4/3 15:35:18,34785
2025/4/3 15:35:18,34785
2025/4/3 15:35:18,34785
2025/4/3 15:35:18,34785
2025/4/3 15:35:18,34785
2025/4/3 15:35:18,34785
2025/4/3 15:35:18,34785
2025/4/3 15:35:18,34785
2025/4/3 15:35:18,34785
2025/4/3 15:35:18,34785
2025/4/3 15:35:20,34790
2025/4/3 15:35:20,34790
2025/4/3 15:35:21,34790
2025/4/3 15:35:21,34790
2025/4/3 15:35:21,34790
2025/4/3 15:35:21,34790
2025/4/3 15:35:21,34790
2025/4/3 15:35:21,34790
2025/4/3 15:35:21,34790
2025/4/3 15:35:21,34790
2025/4/3 15:35:21,34790
2025/4/3 15:35:21,34790
2025/4/3 15:35:21,34790
2025/4/3 15:35:21,34790
2025/4/3 15:35:22,34785
2025/4/3 15:35:22,34785
2025/4/3 15:35:22,34785
2025/4/3 15:35:22,34785
2025/4/3 15:35:22,34785
2025/4/3 15:35:22,34785
2025/4/3 15:35:22,34785
2025/4/3 15:35:22,34785
2025/4/3 15:35:22,34785
2025/4/3 15:35:22,34785
2025/4/3 15:35:22,34785
2025/4/3 15:35:22,34785
2025/4/3 15:35:22,34785
2025/4/3 15:35:22,34785
2025/4/3 15:35:22,34785
2025/4/3 15:35:26,34785
2025/4/3 15:35:26,34785
2025/4/3 15:35:26,34785
2025/4/3 15:35:26,34785
2025/4/3 15:35:26,34785
2025/4/3 15:35:26,34790
2025/4/3 15:35:26,34790
2025/4/3 15:35:26,34785
2025/4/3 15:35:26,34785
2025/4/3 15:35:26,34785
2025/4/3 15:35:26,34785
2025/4/3 15:35:27,34785
2025/4/3 15:35:27,34785
2025/4/3 15:35:27,34785
2025/4/3 15:35:27,34785
2025/4/3 15:35:27,34785
2025/4/3 15:35:27,34785
2025/4/3 15:35:27,34785
2025/4/3 15:35:27,34785
2025/4/3 15:35:27,34785
2025/4/3 15:35:27,34785
2025/4/3 15:35:27,34785
2025/4/3 15:35:28,34785
2025/4/3 15:35:28,34785
2025/4/3 15:35:28,34785
2025/4/3 15:35:28,34785
2025/4/3 15:35:28,34785
2025/4/3 15:35:29,34780
2025/4/3 15:35:29,34780
2025/4/3 15:35:29,34780
2025/4/3 15:35:29,34780
2025/4/3 15:35:29,34780
2025/4/3 15:35:29,34780
2025/4/3 15:35:29,34780
2025/4/3 15:35:29,34780
2025/4/3 15:35:29,34780
2025/4/3 15:35:29,34780
2025/4/3 15:35:29,34780
2025/4/3 15:35:29,34780
2025/4/3 15:35:29,34780
2025/4/3 15:35:29,34780
2025/4/3 15:35:29,34780
2025/4/3 15:35:29,34780
2025/4/3 15:35:29,34780
2025/4/3 15:35:29,34780
2025/4/3 15:35:31,34780
2025/4/3 15:35:31,34780
2025/4/3 15:35:31,34780
2025/4/3 15:35:31,34780
2025/4/3 15:35:31,34780
2025/4/3 15:35:31,34780
2025/4/3 15:35:31,34780
2025/4/3 15:35:31,34780
2025/4/3 15:35:31,34780
2025/4/3 15:35:31,34780
2025/4/3 15:35:31,34780
2025/4/3 15:35:32,34780
2025/4/3 15:35:32,34780
2025/4/3 15:35:32,34780
2025/4/3 15:35:32,34780
2025/4/3 15:35:32,34780
2025/4/3 15:35:32,34780
2025/4/3 15:35:32,34780
2025/4/3 15:35:32,34780
2025/4/3 15:35:32,34780
2025/4/3 15:35:33,34780
2025/4/3 15:35:33,34780
2025/4/3 15:35:33,34780
2025/4/3 15:35:33,34780
2025/4/3 15:35:33,34780
2025/4/3 15:35:33,34780
2025/4/3 15:35:33,34780
2025/4/3 15:35:33,34780
2025/4/3 15:35:33,34780
2025/4/3 15:35:34,34780
2025/4/3 15:35:34,34780
2025/4/3 15:35:34,34780
2025/4/3 15:35:34,34780
2025/4/3 15:35:34,34780
2025/4/3 15:35:34,34780
2025/4/3 15:35:34,34780
2025/4/3 15:35:34,34780
2025/4/3 15:35:34,34780
2025/4/3 15:35:34,34780
2025/4/3 15:35:34,34780
2025/4/3 15:35:34,34780
2025/4/3 15:35:34,34780
2025/4/3 15:35:34,34780
2025/4/3 15:35:34,34780
2025/4/3 15:35:34,34780
2025/4/3 15:35:34,34780
2025/4/3 15:35:34,34780
2025/4/3 15:35:36,34780
2025/4/3 15:35:36,34780
2025/4/3 15:35:36,34780
2025/4/3 15:35:36,34780
2025/4/3 15:35:36,34780
2025/4/3 15:35:36,34780
2025/4/3 15:35:36,34780
2025/4/3 15:35:36,34780
2025/4/3 15:35:37,34780
2025/4/3 15:35:37,34780
2025/4/3 15:35:37,34780
2025/4/3 15:35:37,34780
2025/4/3 15:35:37,34780
2025/4/3 15:35:37,34780
2025/4/3 15:35:37,34780
2025/4/3 15:35:38,34780
2025/4/3 15:35:38,34780
2025/4/3 15:35:38,34780
2025/4/3 15:35:38,34780
2025/4/3 15:35:39,34780
2025/4/3 15:35:39,34780
2025/4/3 15:35:39,34780
2025/4/3 15:35:39,34780
2025/4/3 15:35:39,34780
2025/4/3 15:35:39,34780
2025/4/3 15:35:40,34780
2025/4/3 15:35:40,34780
2025/4/3 15:35:40,34780
2025/4/3 15:35:40,34780
2025/4/3 15:35:40,34785
2025/4/3 15:35:40,34785
2025/4/3 15:35:40,34785
2025/4/3 15:35:40,34785
2025/4/3 15:35:40,34785
2025/4/3 15:35:40,34785
2025/4/3 15:35:40,34785
2025/4/3 15:35:40,34785
2025/4/3 15:35:40,34785
2025/4/3 15:35:41,34785
2025/4/3 15:35:41,34785
2025/4/3 15:35:41,34785
2025/4/3 15:35:41,34785
2025/4/3 15:35:41,34785
2025/4/3 15:35:41,34785
2025/4/3 15:35:42,34790
2025/4/3 15:35:42,34790
2025/4/3 15:35:42,34790
2025/4/3 15:35:42,34790
2025/4/3 15:35:42,34790
2025/4/3 15:35:42,34790
2025/4/3 15:35:42,34790
2025/4/3 15:35:42,34790
2025/4/3 15:35:42,34790
2025/4/3 15:35:42,34790
2025/4/3 15:35:42,34790
2025/4/3 15:35:42,34790
2025/4/3 15:35:42,34790
2025/4/3 15:35:42,34790
2025/4/3 15:35:42,34790
2025/4/3 15:35:42,34790
2025/4/3 15:35:44,34790
2025/4/3 15:35:44,34790
2025/4/3 15:35:44,34790
2025/4/3 15:35:44,34790
2025/4/3 15:35:44,34790
2025/4/3 15:35:44,34790
2025/4/3 15:35:44,34790
2025/4/3 15:35:44,34790
2025/4/3 15:35:44,34790
2025/4/3 15:35:44,34790
2025/4/3 15:35:44,34790
2025/4/3 15:35:44,34790
2025/4/3 15:35:44,34790
2025/4/3 15:35:46,34780
2025/4/3 15:35:46,34780
2025/4/3 15:35:46,34780
2025/4/3 15:35:46,34785
2025/4/3 15:35:46,34785
2025/4/3 15:35:46,34785
2025/4/3 15:35:46,34785
2025/4/3 15:35:46,34785
2025/4/3 15:35:47,34790
2025/4/3 15:35:47,34790
2025/4/3 15:35:47,34790
2025/4/3 15:35:47,34790
2025/4/3 15:35:47,34790
2025/4/3 15:35:47,34790
2025/4/3 15:35:47,34790
2025/4/3 15:35:48,34790
2025/4/3 15:35:48,34790
2025/4/3 15:35:48,34790
2025/4/3 15:35:48,34790
2025/4/3 15:35:48,34790
2025/4/3 15:35:48,34790
2025/4/3 15:35:48,34790
2025/4/3 15:35:48,34790
2025/4/3 15:35:49,34790
2025/4/3 15:35:49,34790
2025/4/3 15:35:49,34790
2025/4/3 15:35:49,34790
2025/4/3 15:35:49,34790
2025/4/3 15:35:50,34790
2025/4/3 15:35:50,34790
2025/4/3 15:35:50,34790
2025/4/3 15:35:50,34790
2025/4/3 15:35:50,34790
2025/4/3 15:35:50,34790
2025/4/3 15:35:51,34790
2025/4/3 15:35:51,34790
2025/4/3 15:35:51,34790
2025/4/3 15:35:51,34790
2025/4/3 15:35:51,34790
2025/4/3 15:35:51,34790
2025/4/3 15:35:51,34790
2025/4/3 15:35:51,34790
2025/4/3 15:35:52,34790
2025/4/3 15:35:52,34790
2025/4/3 15:35:52,34790
2025/4/3 15:35:52,34790
2025/4/3 15:35:52,34790
2025/4/3 15:35:52,34790
2025/4/3 15:35:52,34790
2025/4/3 15:35:52,34790
2025/4/3 15:35:52,34790
2025/4/3 15:35:52,34790
2025/4/3 15:35:52,34790
2025/4/3 15:35:52,34790
2025/4/3 15:35:52,34790
2025/4/3 15:35:52,34790
2025/4/3 15:35:52,34790
2025/4/3 15:35:52,34790
2025/4/3 15:35:52,34790
2025/4/3 15:35:52,34790
2025/4/3 15:35:52,34790
2025/4/3 15:35:54,34795
2025/4/3 15:35:54,34795
2025/4/3 15:35:54,34795
2025/4/3 15:35:54,34795
2025/4/3 15:35:54,34795
2025/4/3 15:35:54,34795
2025/4/3 15:35:54,34795
2025/4/3 15:35:54,34795
2025/4/3 15:35:54,34795
2025/4/3 15:35:54,34795
2025/4/3 15:35:54,34795
2025/4/3 15:35:54,34795
2025/4/3 15:35:54,34795
2025/4/3 15:35:54,34795
2025/4/3 15:35:54,34795
2025/4/3 15:35:55,34795
2025/4/3 15:35:55,34795
2025/4/3 15:35:55,34795
2025/4/3 15:35:55,34795
2025/4/3 15:35:55,34795
2025/4/3 15:35:55,34795
2025/4/3 15:35:55,34795
2025/4/3 15:35:56,34795
2025/4/3 15:35:56,34795
2025/4/3 15:35:56,34795
2025/4/3 15:35:56,34795
2025/4/3 15:35:56,34795
2025/4/3 15:35:56,34795
2025/4/3 15:35:56,34795
2025/4/3 15:35:56,34795
2025/4/3 15:35:56,34795
2025/4/3 15:35:56,34795
2025/4/3 15:35:56,34795
2025/4/3 15:35:56,34795
2025/4/3 15:35:56,34795
2025/4/3 15:35:56,34795
2025/4/3 15:35:56,34795
2025/4/3 15:35:56,34795
2025/4/3 15:35:56,34795
2025/4/3 15:35:56,34795
2025/4/3 15:35:56,34795
2025/4/3 15:35:56,34795
2025/4/3 15:35:56,34795
2025/4/3 15:35:56,34795
2025/4/3 15:35:56,34795
2025/4/3 15:35:59,34795
2025/4/3 15:35:59,34795
2025/4/3 15:35:59,34795
2025/4/3 15:35:59,34795
2025/4/3 15:35:59,34795
2025/4/3 15:36:00,34795
2025/4/3 15:36:00,34795
2025/4/3 15:36:00,34795
2025/4/3 15:36:00,34795
2025/4/3 15:36:01,34800
2025/4/3 15:36:01,34800
2025/4/3 15:36:01,34800
2025/4/3 15:36:01,34800
2025/4/3 15:36:01,34800
2025/4/3 15:36:01,34800
2025/4/3 15:36:02,34800
2025/4/3 15:36:02,34800
2025/4/3 15:36:02,34800
2025/4/3 15:36:02,34800
2025/4/3 15:36:02,34800
2025/4/3 15:36:02,34805
2025/4/3 15:36:02,34805
2025/4/3 15:36:02,34805
2025/4/3 15:36:02,34805
2025/4/3 15:36:02,34805
2025/4/3 15:36:02,34805
2025/4/3 15:36:02,34805
2025/4/3 15:36:02,34805
2025/4/3 15:36:02,34805
2025/4/3 15:36:02,34805
2025/4/3 15:36:03,34810
2025/4/3 15:36:03,34810
2025/4/3 15:36:03,34810
2025/4/3 15:36:03,34810
2025/4/3 15:36:03,34805
2025/4/3 15:36:03,34805
2025/4/3 15:36:03,34805
2025/4/3 15:36:04,34800
2025/4/3 15:36:04,34800
2025/4/3 15:36:04,34800
2025/4/3 15:36:04,34800
2025/4/3 15:36:04,34800
2025/4/3 15:36:04,34805
2025/4/3 15:36:04,34805
2025/4/3 15:36:04,34805
2025/4/3 15:36:04,34800
2025/4/3 15:36:04,34800
2025/4/3 15:36:04,34800
2025/4/3 15:36:04,34800
2025/4/3 15:36:04,34800
2025/4/3 15:36:04,34800
2025/4/3 15:36:04,34800
2025/4/3 15:36:04,34800
2025/4/3 15:36:04,34800
2025/4/3 15:36:04,34800
2025/4/3 15:36:06,34795
2025/4/3 15:36:06,34795
2025/4/3 15:36:06,34795
2025/4/3 15:36:06,34795
2025/4/3 15:36:06,34795
2025/4/3 15:36:06,34795
2025/4/3 15:36:06,34795
2025/4/3 15:36:06,34795
2025/4/3 15:36:06,34795
2025/4/3 15:36:06,34795
2025/4/3 15:36:06,34795
2025/4/3 15:36:06,34795
2025/4/3 15:36:07,34795
2025/4/3 15:36:07,34795
2025/4/3 15:36:07,34795
2025/4/3 15:36:07,34795
2025/4/3 15:36:07,34795
2025/4/3 15:36:07,34795
2025/4/3 15:36:07,34795
2025/4/3 15:36:08,34795
2025/4/3 15:36:08,34795
2025/4/3 15:36:08,34795
2025/4/3 15:36:08,34795
2025/4/3 15:36:09,34795
2025/4/3 15:36:09,34795
2025/4/3 15:36:09,34795
2025/4/3 15:36:09,34795
2025/4/3 15:36:09,34795
2025/4/3 15:36:09,34795
2025/4/3 15:36:10,34795
2025/4/3 15:36:10,34795
2025/4/3 15:36:10,34795
2025/4/3 15:36:10,34795
2025/4/3 15:36:10,34795
2025/4/3 15:36:10,34795
2025/4/3 15:36:10,34795
2025/4/3 15:36:10,34795
2025/4/3 15:36:11,34800
2025/4/3 15:36:11,34800
2025/4/3 15:36:11,34800
2025/4/3 15:36:12,34800
2025/4/3 15:36:12,34800
2025/4/3 15:36:12,34800
2025/4/3 15:36:12,34800
2025/4/3 15:36:12,34800
2025/4/3 15:36:12,34795
2025/4/3 15:36:12,34795
2025/4/3 15:36:12,34795
2025/4/3 15:36:12,34795
2025/4/3 15:36:12,34795
2025/4/3 15:36:12,34795
2025/4/3 15:36:12,34795
2025/4/3 15:36:12,34795
2025/4/3 15:36:13,34805
2025/4/3 15:36:13,34805
2025/4/3 15:36:13,34805
2025/4/3 15:36:13,34805
2025/4/3 15:36:14,34800
2025/4/3 15:36:14,34800
2025/4/3 15:36:14,34800
2025/4/3 15:36:14,34800
2025/4/3 15:36:14,34800
2025/4/3 15:36:14,34800
2025/4/3 15:36:14,34800
2025/4/3 15:36:14,34800
2025/4/3 15:36:14,34800
2025/4/3 15:36:15,34800
2025/4/3 15:36:15,34800
2025/4/3 15:36:15,34800
2025/4/3 15:36:15,34800
2025/4/3 15:36:15,34800
2025/4/3 15:36:15,34800
2025/4/3 15:36:15,34800
2025/4/3 15:36:15,34800
2025/4/3 15:36:15,34800
2025/4/3 15:36:15,34800
2025/4/3 15:36:17,34795
2025/4/3 15:36:17,34795
2025/4/3 15:36:17,34795
2025/4/3 15:36:17,34795
2025/4/3 15:36:17,34795
2025/4/3 15:36:17,34795
2025/4/3 15:36:17,34795
2025/4/3 15:36:17,34795
2025/4/3 15:36:17,34795
2025/4/3 15:36:17,34795
2025/4/3 15:36:17,34795
2025/4/3 15:36:17,34795
2025/4/3 15:36:17,34795
2025/4/3 15:36:17,34795
2025/4/3 15:36:17,34795
2025/4/3 15:36:17,34795
2025/4/3 15:36:17,34795
2025/4/3 15:36:17,34795
2025/4/3 15:36:17,34795
2025/4/3 15:36:17,34795
2025/4/3 15:36:17,34795
2025/4/3 15:36:17,34795
2025/4/3 15:36:20,34795
2025/4/3 15:36:20,34795
2025/4/3 15:36:20,34795
2025/4/3 15:36:20,34795
2025/4/3 15:36:20,34795
2025/4/3 15:36:20,34795
2025/4/3 15:36:20,34795
2025/4/3 15:36:21,34795
2025/4/3 15:36:21,34795
2025/4/3 15:36:21,34795
2025/4/3 15:36:21,34795
2025/4/3 15:36:21,34795
2025/4/3 15:36:21,34795
2025/4/3 15:36:21,34795
2025/4/3 15:36:21,34795
2025/4/3 15:36:21,34795
2025/4/3 15:36:21,34795
2025/4/3 15:36:22,34800
2025/4/3 15:36:22,34800
2025/4/3 15:36:22,34800
2025/4/3 15:36:22,34800
2025/4/3 15:36:22,34800
2025/4/3 15:36:22,34800
2025/4/3 15:36:22,34800
2025/4/3 15:36:22,34800
2025/4/3 15:36:22,34800
2025/4/3 15:36:22,34800
2025/4/3 15:36:22,34800
2025/4/3 15:36:22,34800
2025/4/3 15:36:22,34800
2025/4/3 15:36:22,34800
2025/4/3 15:36:22,34800
2025/4/3 15:36:22,34800
2025/4/3 15:36:25,34795
2025/4/3 15:36:25,34795
2025/4/3 15:36:25,34795
2025/4/3 15:36:25,34795
2025/4/3 15:36:25,34795
2025/4/3 15:36:25,34795
2025/4/3 15:36:25,34795
2025/4/3 15:36:25,34795
2025/4/3 15:36:26,34795
2025/4/3 15:36:26,34795
2025/4/3 15:36:26,34795
2025/4/3 15:36:26,34795
2025/4/3 15:36:26,34795
2025/4/3 15:36:26,34795
2025/4/3 15:36:26,34795
2025/4/3 15:36:28,34795
2025/4/3 15:36:28,34795
2025/4/3 15:36:28,34795
2025/4/3 15:36:28,34795
2025/4/3 15:36:28,34795
2025/4/3 15:36:28,34795
2025/4/3 15:36:28,34795
2025/4/3 15:36:28,34795
2025/4/3 15:36:28,34795
2025/4/3 15:36:28,34795
2025/4/3 15:36:28,34795
2025/4/3 15:36:28,34795
2025/4/3 15:36:30,34800
2025/4/3 15:36:30,34800
2025/4/3 15:36:30,34800
2025/4/3 15:36:30,34800
2025/4/3 15:36:30,34800
2025/4/3 15:36:31,34790
2025/4/3 15:36:31,34785
2025/4/3 15:36:31,34785
2025/4/3 15:36:31,34785
2025/4/3 15:36:31,34785
2025/4/3 15:36:31,34785
2025/4/3 15:36:31,34785
2025/4/3 15:36:31,34785
2025/4/3 15:36:31,34785
2025/4/3 15:36:31,34785
2025/4/3 15:36:32,34785
2025/4/3 15:36:32,34785
2025/4/3 15:36:32,34785
2025/4/3 15:36:32,34785
2025/4/3 15:36:32,34785
2025/4/3 15:36:32,34785
2025/4/3 15:36:32,34785
2025/4/3 15:36:32,34785
2025/4/3 15:36:32,34785
2025/4/3 15:36:32,34785
2025/4/3 15:36:32,34785
2025/4/3 15:36:32,34785
2025/4/3 15:36:32,34785
2025/4/3 15:36:33,34785
2025/4/3 15:36:33,34785
2025/4/3 15:36:33,34785
2025/4/3 15:36:33,34785
2025/4/3 15:36:33,34785
2025/4/3 15:36:33,34785
2025/4/3 15:36:33,34785
2025/4/3 15:36:35,34785
2025/4/3 15:36:35,34785
2025/4/3 15:36:35,34785
2025/4/3 15:36:35,34785
2025/4/3 15:36:35,34785
2025/4/3 15:36:35,34785
2025/4/3 15:36:35,34785
2025/4/3 15:36:35,34785
2025/4/3 15:36:35,34785
2025/4/3 15:36:35,34785
2025/4/3 15:36:35,34785
2025/4/3 15:36:35,34785
2025/4/3 15:36:35,34785
2025/4/3 15:36:36,34785
2025/4/3 15:36:36,34785
2025/4/3 15:36:36,34785
2025/4/3 15:36:36,34785
2025/4/3 15:36:36,34790
2025/4/3 15:36:36,34790
2025/4/3 15:36:36,34790
2025/4/3 15:36:36,34790
2025/4/3 15:36:36,34790
2025/4/3 15:36:36,34790
2025/4/3 15:36:36,34790
2025/4/3 15:36:36,34790
2025/4/3 15:36:36,34790
2025/4/3 15:36:36,34790
2025/4/3 15:36:38,34790
2025/4/3 15:36:38,34790
2025/4/3 15:36:38,34790
2025/4/3 15:36:38,34790
2025/4/3 15:36:38,34790
2025/4/3 15:36:38,34790
2025/4/3 15:36:38,34790
2025/4/3 15:36:38,34790
2025/4/3 15:36:38,34790
2025/4/3 15:36:39,34790
2025/4/3 15:36:39,34790
2025/4/3 15:36:39,34790
2025/4/3 15:36:39,34790
2025/4/3 15:36:39,34790
2025/4/3 15:36:39,34790
2025/4/3 15:36:40,34790
2025/4/3 15:36:40,34790
2025/4/3 15:36:40,34790
2025/4/3 15:36:40,34790
2025/4/3 15:36:40,34790
2025/4/3 15:36:40,34790
2025/4/3 15:36:41,34785
2025/4/3 15:36:41,34785
2025/4/3 15:36:41,34785
2025/4/3 15:36:41,34785
2025/4/3 15:36:41,34785
2025/4/3 15:36:41,34785
2025/4/3 15:36:41,34790
2025/4/3 15:36:41,34790
2025/4/3 15:36:41,34790
2025/4/3 15:36:42,34790
2025/4/3 15:36:42,34790
2025/4/3 15:36:42,34790
2025/4/3 15:36:42,34790
2025/4/3 15:36:42,34785
2025/4/3 15:36:42,34785
2025/4/3 15:36:42,34785
2025/4/3 15:36:42,34785
2025/4/3 15:36:42,34785
2025/4/3 15:36:42,34790
2025/4/3 15:36:42,34790
2025/4/3 15:36:42,34790
2025/4/3 15:36:42,34790
2025/4/3 15:36:42,34790
2025/4/3 15:36:42,34790
2025/4/3 15:36:42,34790
2025/4/3 15:36:42,34790
2025/4/3 15:36:42,34790
2025/4/3 15:36:42,34790
2025/4/3 15:36:42,34790
2025/4/3 15:36:42,34790
2025/4/3 15:36:42,34790
2025/4/3 15:36:42,34790
2025/4/3 15:36:42,34790
2025/4/3 15:36:42,34790
2025/4/3 15:36:42,34790
2025/4/3 15:36:42,34790
2025/4/3 15:36:42,34790
2025/4/3 15:36:42,34790
2025/4/3 15:36:42,34790
2025/4/3 15:36:46,34795
2025/4/3 15:36:46,34795
2025/4/3 15:36:46,34795
2025/4/3 15:36:46,34795
2025/4/3 15:36:46,34795
2025/4/3 15:36:46,34795
2025/4/3 15:36:46,34795
2025/4/3 15:36:46,34795
2025/4/3 15:36:46,34795
2025/4/3 15:36:46,34795
2025/4/3 15:36:47,34795
2025/4/3 15:36:47,34795
2025/4/3 15:36:47,34795
2025/4/3 15:36:47,34795
2025/4/3 15:36:48,34795
2025/4/3 15:36:48,34795
2025/4/3 15:36:48,34795
2025/4/3 15:36:48,34795
2025/4/3 15:36:48,34795
2025/4/3 15:36:48,34795
2025/4/3 15:36:48,34795
2025/4/3 15:36:48,34795
2025/4/3 15:36:48,34795
2025/4/3 15:36:48,34795
2025/4/3 15:36:48,34795
2025/4/3 15:36:49,34795
2025/4/3 15:36:49,34795
2025/4/3 15:36:49,34795
2025/4/3 15:36:49,34795
2025/4/3 15:36:50,34795
2025/4/3 15:36:50,34795
2025/4/3 15:36:50,34795
2025/4/3 15:36:50,34795
2025/4/3 15:36:50,34795
2025/4/3 15:36:50,34795
2025/4/3 15:36:50,34795
2025/4/3 15:36:50,34795
2025/4/3 15:36:50,34795
2025/4/3 15:36:50,34795
2025/4/3 15:36:50,34795
2025/4/3 15:36:51,34795
2025/4/3 15:36:51,34795
2025/4/3 15:36:51,34795
2025/4/3 15:36:51,34795
2025/4/3 15:36:51,34795
2025/4/3 15:36:51,34795
2025/4/3 15:36:51,34795
2025/4/3 15:36:51,34795
2025/4/3 15:36:52,34795
2025/4/3 15:36:52,34795
2025/4/3 15:36:52,34795
2025/4/3 15:36:52,34795
2025/4/3 15:36:52,34795
2025/4/3 15:36:53,34795
2025/4/3 15:36:53,34795
2025/4/3 15:36:53,34795
2025/4/3 15:36:53,34795
2025/4/3 15:36:53,34795
2025/4/3 15:36:53,34795
2025/4/3 15:36:53,34795
2025/4/3 15:36:53,34795
2025/4/3 15:36:53,34795
2025/4/3 15:36:53,34795
2025/4/3 15:36:53,34795
2025/4/3 15:36:54,34795
2025/4/3 15:36:54,34795
2025/4/3 15:36:54,34795
2025/4/3 15:36:54,34795
2025/4/3 15:36:54,34800
2025/4/3 15:36:54,34800
2025/4/3 15:36:54,34800
2025/4/3 15:36:54,34800
2025/4/3 15:36:55,34800
2025/4/3 15:36:55,34800
2025/4/3 15:36:55,34800
2025/4/3 15:36:55,34800
2025/4/3 15:36:55,34800
2025/4/3 15:36:55,34800
2025/4/3 15:36:55,34795
2025/4/3 15:36:55,34795
2025/4/3 15:36:55,34795
2025/4/3 15:36:56,34800
2025/4/3 15:36:56,34800
2025/4/3 15:36:56,34800
2025/4/3 15:36:56,34800
2025/4/3 15:36:56,34800
2025/4/3 15:36:56,34800
2025/4/3 15:36:56,34800
2025/4/3 15:36:56,34800
2025/4/3 15:36:56,34800
2025/4/3 15:36:56,34795
2025/4/3 15:36:56,34795
2025/4/3 15:36:56,34795
2025/4/3 15:36:56,34795
2025/4/3 15:36:56,34795
2025/4/3 15:36:56,34795
2025/4/3 15:36:57,34800
2025/4/3 15:36:57,34800
2025/4/3 15:36:57,34800
2025/4/3 15:36:57,34800
2025/4/3 15:36:57,34800
2025/4/3 15:36:57,34800
2025/4/3 15:36:57,34800
2025/4/3 15:36:57,34800
2025/4/3 15:36:57,34800
2025/4/3 15:36:59,34800
2025/4/3 15:36:59,34800
2025/4/3 15:36:59,34800
2025/4/3 15:36:59,34800
2025/4/3 15:36:59,34800
2025/4/3 15:36:59,34800
2025/4/3 15:36:59,34800
2025/4/3 15:37:00,34800
2025/4/3 15:37:00,34805
2025/4/3 15:37:00,34805
2025/4/3 15:37:00,34805
2025/4/3 15:37:00,34805
2025/4/3 15:37:00,34805
2025/4/3 15:37:00,34805
2025/4/3 15:37:00,34805
2025/4/3 15:37:00,34805
2025/4/3 15:37:00,34805
2025/4/3 15:37:01,34805
2025/4/3 15:37:01,34805
2025/4/3 15:37:01,34805
2025/4/3 15:37:01,34805
2025/4/3 15:37:01,34805
2025/4/3 15:37:01,34805
2025/4/3 15:37:01,34805
2025/4/3 15:37:01,34805
2025/4/3 15:37:01,34805
2025/4/3 15:37:02,34805
2025/4/3 15:37:02,34810
2025/4/3 15:37:02,34810
2025/4/3 15:37:02,34810
2025/4/3 15:37:02,34810
2025/4/3 15:37:02,34810
2025/4/3 15:37:02,34810
2025/4/3 15:37:02,34810
2025/4/3 15:37:02,34810
2025/4/3 15:37:03,34810
2025/4/3 15:37:03,34810
2025/4/3 15:37:03,34810
2025/4/3 15:37:03,34810
2025/4/3 15:37:03,34810
2025/4/3 15:37:03,34810
2025/4/3 15:37:03,34810
2025/4/3 15:37:03,34810
2025/4/3 15:37:03,34810
2025/4/3 15:37:03,34810
2025/4/3 15:37:03,34810
2025/4/3 15:37:04,34810
2025/4/3 15:37:04,34810
2025/4/3 15:37:04,34810
2025/4/3 15:37:04,34810
2025/4/3 15:37:04,34810
2025/4/3 15:37:04,34810
2025/4/3 15:37:04,34810
2025/4/3 15:37:05,34810
2025/4/3 15:37:05,34810
2025/4/3 15:37:05,34810
2025/4/3 15:37:05,34810
2025/4/3 15:37:05,34810
2025/4/3 15:37:05,34810
2025/4/3 15:37:05,34810
2025/4/3 15:37:06,34810
2025/4/3 15:37:06,34810
2025/4/3 15:37:06,34810
2025/4/3 15:37:06,34810
2025/4/3 15:37:06,34810
2025/4/3 15:37:06,34810
2025/4/3 15:37:06,34810
2025/4/3 15:37:06,34810
2025/4/3 15:37:06,34810
2025/4/3 15:37:07,34810
2025/4/3 15:37:07,34810
2025/4/3 15:37:07,34810
2025/4/3 15:37:07,34810
2025/4/3 15:37:07,34810
2025/4/3 15:37:08,34810
2025/4/3 15:37:08,34810
2025/4/3 15:37:08,34810
2025/4/3 15:37:08,34810
2025/4/3 15:37:08,34810
2025/4/3 15:37:08,34810
2025/4/3 15:37:08,34810
2025/4/3 15:37:08,34810
2025/4/3 15:37:10,34805
2025/4/3 15:37:10,34805
2025/4/3 15:37:10,34805
2025/4/3 15:37:10,34805
2025/4/3 15:37:10,34805
2025/4/3 15:37:10,34805
2025/4/3 15:37:10,34805
2025/4/3 15:37:10,34805
2025/4/3 15:37:10,34805
2025/4/3 15:37:10,34805
2025/4/3 15:37:10,34805
2025/4/3 15:37:10,34805
2025/4/3 15:37:10,34805
2025/4/3 15:37:11,34805
2025/4/3 15:37:11,34805
2025/4/3 15:37:11,34805
2025/4/3 15:37:11,34805
2025/4/3 15:37:11,34805
2025/4/3 15:37:11,34805
2025/4/3 15:37:11,34805
2025/4/3 15:37:11,34805
2025/4/3 15:37:12,34805
2025/4/3 15:37:12,34805
2025/4/3 15:37:12,34805
2025/4/3 15:37:12,34805
2025/4/3 15:37:12,34805
2025/4/3 15:37:12,34805
2025/4/3 15:37:12,34805
2025/4/3 15:37:12,34805
2025/4/3 15:37:12,34805
2025/4/3 15:37:12,34805
2025/4/3 15:37:12,34805
2025/4/3 15:37:13,34805
2025/4/3 15:37:13,34805
2025/4/3 15:37:13,34805
2025/4/3 15:37:13,34805
2025/4/3 15:37:13,34805
2025/4/3 15:37:14,34805
2025/4/3 15:37:14,34805
2025/4/3 15:37:14,34805
2025/4/3 15:37:14,34805
2025/4/3 15:37:14,34805
2025/4/3 15:37:14,34805
2025/4/3 15:37:14,34805
2025/4/3 15:37:14,34805
2025/4/3 15:37:16,34810
2025/4/3 15:37:16,34810
2025/4/3 15:37:16,34810
2025/4/3 15:37:16,34810
2025/4/3 15:37:16,34810
2025/4/3 15:37:16,34810
2025/4/3 15:37:16,34810
2025/4/3 15:37:16,34810
2025/4/3 15:37:17,34810
2025/4/3 15:37:17,34810
2025/4/3 15:37:17,34810
2025/4/3 15:37:17,34810
2025/4/3 15:37:17,34810
2025/4/3 15:37:17,34810
2025/4/3 15:37:17,34810
2025/4/3 15:37:17,34810
2025/4/3 15:37:17,34810
2025/4/3 15:37:17,34810
2025/4/3 15:37:17,34810
2025/4/3 15:37:17,34810
2025/4/3 15:37:17,34810
2025/4/3 15:37:19,34815
2025/4/3 15:37:19,34815
2025/4/3 15:37:19,34810
2025/4/3 15:37:19,34810
2025/4/3 15:37:19,34810
2025/4/3 15:37:19,34810
2025/4/3 15:37:19,34810
2025/4/3 15:37:19,34810
2025/4/3 15:37:19,34810
2025/4/3 15:37:20,34805
2025/4/3 15:37:20,34805
2025/4/3 15:37:20,34805
2025/4/3 15:37:20,34805
2025/4/3 15:37:20,34805
2025/4/3 15:37:20,34805
2025/4/3 15:37:20,34805
2025/4/3 15:37:20,34805
2025/4/3 15:37:20,34805
2025/4/3 15:37:20,34805
2025/4/3 15:37:20,34805
2025/4/3 15:37:20,34805
2025/4/3 15:37:20,34805
2025/4/3 15:37:21,34805
2025/4/3 15:37:21,34805
2025/4/3 15:37:21,34805
2025/4/3 15:37:21,34805
2025/4/3 15:37:21,34805
2025/4/3 15:37:21,34805
2025/4/3 15:37:21,34805
2025/4/3 15:37:21,34805
2025/4/3 15:37:21,34800
2025/4/3 15:37:21,34800
2025/4/3 15:37:21,34800
2025/4/3 15:37:21,34800
2025/4/3 15:37:21,34800
2025/4/3 15:37:21,34800
2025/4/3 15:37:21,34800
2025/4/3 15:37:21,34800
2025/4/3 15:37:21,34800
2025/4/3 15:37:21,34800
2025/4/3 15:37:21,34800
2025/4/3 15:37:21,34800
2025/4/3 15:37:21,34800
2025/4/3 15:37:21,34800
2025/4/3 15:37:21,34800
2025/4/3 15:37:21,34800
2025/4/3 15:37:21,34800
2025/4/3 15:37:24,34800
2025/4/3 15:37:24,34800
2025/4/3 15:37:24,34795
2025/4/3 15:37:24,34795
2025/4/3 15:37:24,34795
2025/4/3 15:37:24,34795
2025/4/3 15:37:25,34800
2025/4/3 15:37:25,34800
2025/4/3 15:37:25,34800
2025/4/3 15:37:25,34800
2025/4/3 15:37:25,34800
2025/4/3 15:37:25,34800
2025/4/3 15:37:25,34800
2025/4/3 15:37:25,34800
2025/4/3 15:37:25,34800
2025/4/3 15:37:25,34800
2025/4/3 15:37:25,34800
2025/4/3 15:37:25,34800
2025/4/3 15:37:25,34800
2025/4/3 15:37:25,34800
2025/4/3 15:37:25,34800
2025/4/3 15:37:25,34800
2025/4/3 15:37:25,34800
2025/4/3 15:37:25,34800
2025/4/3 15:37:25,34800
2025/4/3 15:37:25,34800
2025/4/3 15:37:25,34800
2025/4/3 15:37:25,34800
2025/4/3 15:37:25,34800
2025/4/3 15:37:29,34795
2025/4/3 15:37:29,34800
2025/4/3 15:37:29,34800
2025/4/3 15:37:29,34800
2025/4/3 15:37:29,34800
2025/4/3 15:37:29,34800
2025/4/3 15:37:29,34800
2025/4/3 15:37:29,34800
2025/4/3 15:37:29,34800
2025/4/3 15:37:29,34800
2025/4/3 15:37:29,34800
2025/4/3 15:37:29,34800
2025/4/3 15:37:29,34800
2025/4/3 15:37:29,34800
2025/4/3 15:37:29,34800
2025/4/3 15:37:29,34800
2025/4/3 15:37:30,34805
2025/4/3 15:37:30,34805
2025/4/3 15:37:30,34805
2025/4/3 15:37:31,34805
2025/4/3 15:37:31,34805
2025/4/3 15:37:31,34810
2025/4/3 15:37:31,34810
2025/4/3 15:37:31,34810
2025/4/3 15:37:31,34810
2025/4/3 15:37:31,34810
2025/4/3 15:37:32,34810
2025/4/3 15:37:32,34810
2025/4/3 15:37:32,34810
2025/4/3 15:37:32,34810
2025/4/3 15:37:32,34810
2025/4/3 15:37:32,34810
2025/4/3 15:37:32,34810
2025/4/3 15:37:32,34810
2025/4/3 15:37:32,34810
2025/4/3 15:37:32,34810
2025/4/3 15:37:32,34810
2025/4/3 15:37:32,34810
2025/4/3 15:37:32,34810
2025/4/3 15:37:32,34810
2025/4/3 15:37:34,34810
2025/4/3 15:37:34,34805
2025/4/3 15:37:34,34805
2025/4/3 15:37:34,34805
2025/4/3 15:37:34,34805
2025/4/3 15:37:34,34800
2025/4/3 15:37:34,34795
2025/4/3 15:37:34,34795
2025/4/3 15:37:34,34795
2025/4/3 15:37:34,34795
2025/4/3 15:37:34,34795
2025/4/3 15:37:34,34795
2025/4/3 15:37:34,34795
2025/4/3 15:37:34,34795
2025/4/3 15:37:34,34800
2025/4/3 15:37:35,34800
2025/4/3 15:37:35,34800
2025/4/3 15:37:35,34800
2025/4/3 15:37:35,34800
2025/4/3 15:37:35,34800
2025/4/3 15:37:35,34800
2025/4/3 15:37:35,34800
2025/4/3 15:37:35,34800
2025/4/3 15:37:35,34800
2025/4/3 15:37:35,34800
2025/4/3 15:37:36,34800
2025/4/3 15:37:36,34800
2025/4/3 15:37:36,34800
2025/4/3 15:37:36,34800
2025/4/3 15:37:36,34800
2025/4/3 15:37:36,34800
2025/4/3 15:37:36,34800
2025/4/3 15:37:36,34800
2025/4/3 15:37:36,34800
2025/4/3 15:37:37,34800
2025/4/3 15:37:37,34800
2025/4/3 15:37:37,34800
2025/4/3 15:37:37,34795
2025/4/3 15:37:37,34795
2025/4/3 15:37:37,34795
2025/4/3 15:37:37,34800
2025/4/3 15:37:37,34795
2025/4/3 15:37:37,34795
2025/4/3 15:37:37,34795
2025/4/3 15:37:37,34795
2025/4/3 15:37:37,34795
2025/4/3 15:37:37,34795
2025/4/3 15:37:37,34795
2025/4/3 15:37:37,34795
2025/4/3 15:37:37,34795
2025/4/3 15:37:37,34795
2025/4/3 15:37:37,34795
2025/4/3 15:37:37,34795
2025/4/3 15:37:37,34795
2025/4/3 15:37:37,34795
2025/4/3 15:37:37,34795
2025/4/3 15:37:37,34795
2025/4/3 15:37:37,34795
2025/4/3 15:37:40,34800
2025/4/3 15:37:40,34800
2025/4/3 15:37:40,34800
2025/4/3 15:37:40,34800
2025/4/3 15:37:40,34800
2025/4/3 15:37:40,34800
2025/4/3 15:37:40,34800
2025/4/3 15:37:40,34800
2025/4/3 15:37:41,34795
2025/4/3 15:37:41,34795
2025/4/3 15:37:41,34795
2025/4/3 15:37:41,34795
2025/4/3 15:37:41,34795
2025/4/3 15:37:41,34795
2025/4/3 15:37:41,34795
2025/4/3 15:37:42,34795
2025/4/3 15:37:42,34795
2025/4/3 15:37:42,34795
2025/4/3 15:37:42,34795
2025/4/3 15:37:42,34795
2025/4/3 15:37:42,34795
2025/4/3 15:37:42,34795
2025/4/3 15:37:42,34795
2025/4/3 15:37:42,34795
2025/4/3 15:37:42,34795
2025/4/3 15:37:43,34795
2025/4/3 15:37:43,34795
2025/4/3 15:37:43,34795
2025/4/3 15:37:43,34795
2025/4/3 15:37:43,34795
2025/4/3 15:37:43,34795
2025/4/3 15:37:44,34795
2025/4/3 15:37:44,34795
2025/4/3 15:37:44,34795
2025/4/3 15:37:44,34795
2025/4/3 15:37:44,34795
2025/4/3 15:37:44,34795
2025/4/3 15:37:44,34795
2025/4/3 15:37:44,34795
2025/4/3 15:37:45,34800
2025/4/3 15:37:45,34800
2025/4/3 15:37:45,34800
2025/4/3 15:37:45,34800
2025/4/3 15:37:45,34800
2025/4/3 15:37:45,34800
2025/4/3 15:37:45,34800
2025/4/3 15:37:45,34800
2025/4/3 15:37:45,34800
2025/4/3 15:37:46,34800
2025/4/3 15:37:46,34800
2025/4/3 15:37:46,34800
2025/4/3 15:37:46,34800
2025/4/3 15:37:46,34800
2025/4/3 15:37:46,34800
2025/4/3 15:37:46,34800
2025/4/3 15:37:46,34800
2025/4/3 15:37:46,34800
2025/4/3 15:37:46,34800
2025/4/3 15:37:46,34800
2025/4/3 15:37:47,34800
2025/4/3 15:37:47,34805
2025/4/3 15:37:47,34805
2025/4/3 15:37:47,34805
2025/4/3 15:37:47,34805
2025/4/3 15:37:47,34805
2025/4/3 15:37:47,34805
2025/4/3 15:37:47,34805
2025/4/3 15:37:47,34805
2025/4/3 15:37:47,34805
2025/4/3 15:37:47,34805
2025/4/3 15:37:47,34805
2025/4/3 15:37:47,34805
2025/4/3 15:37:47,34805
2025/4/3 15:37:47,34805
2025/4/3 15:37:47,34805
2025/4/3 15:37:47,34805
2025/4/3 15:37:49,34810
2025/4/3 15:37:49,34810
2025/4/3 15:37:49,34810
2025/4/3 15:37:49,34810
2025/4/3 15:37:49,34810
2025/4/3 15:37:49,34810
2025/4/3 15:37:49,34810
2025/4/3 15:37:49,34805
2025/4/3 15:37:49,34805
2025/4/3 15:37:49,34805
2025/4/3 15:37:49,34805
2025/4/3 15:37:49,34805
2025/4/3 15:37:49,34805
2025/4/3 15:37:50,34800
2025/4/3 15:37:50,34800
2025/4/3 15:37:50,34800
2025/4/3 15:37:50,34800
2025/4/3 15:37:50,34800
2025/4/3 15:37:50,34800
2025/4/3 15:37:50,34800
2025/4/3 15:37:50,34800
2025/4/3 15:37:50,34800
2025/4/3 15:37:50,34800
2025/4/3 15:37:51,34800
2025/4/3 15:37:51,34800
2025/4/3 15:37:51,34800
2025/4/3 15:37:51,34800
2025/4/3 15:37:51,34800
2025/4/3 15:37:52,34800
2025/4/3 15:37:52,34800
2025/4/3 15:37:52,34800
2025/4/3 15:37:52,34800
2025/4/3 15:37:52,34800
2025/4/3 15:37:52,34800
2025/4/3 15:37:53,34800
2025/4/3 15:37:53,34800
2025/4/3 15:37:53,34800
2025/4/3 15:37:53,34800
2025/4/3 15:37:53,34800
2025/4/3 15:37:53,34800
2025/4/3 15:37:53,34800
2025/4/3 15:37:53,34800
2025/4/3 15:37:53,34800
2025/4/3 15:37:53,34800
2025/4/3 15:37:53,34800
2025/4/3 15:37:53,34800
2025/4/3 15:37:53,34800
2025/4/3 15:37:53,34800
2025/4/3 15:37:53,34800
2025/4/3 15:37:55,34805
2025/4/3 15:37:55,34805
2025/4/3 15:37:55,34805
2025/4/3 15:37:56,34805
2025/4/3 15:37:56,34805
2025/4/3 15:37:56,34805
2025/4/3 15:37:56,34805
2025/4/3 15:37:56,34805
2025/4/3 15:37:56,34805
2025/4/3 15:37:56,34805
2025/4/3 15:37:56,34805
2025/4/3 15:37:56,34805
2025/4/3 15:37:56,34805
2025/4/3 15:37:56,34805
2025/4/3 15:37:56,34805
2025/4/3 15:37:56,34805
2025/4/3 15:37:57,34800
2025/4/3 15:37:57,34800
2025/4/3 15:37:58,34805
2025/4/3 15:37:58,34805
2025/4/3 15:37:58,34805
2025/4/3 15:37:58,34805
2025/4/3 15:37:58,34805
2025/4/3 15:37:58,34805
2025/4/3 15:37:58,34805
2025/4/3 15:37:58,34805
2025/4/3 15:37:58,34805
2025/4/3 15:37:59,34805
2025/4/3 15:37:59,34805
2025/4/3 15:37:59,34805
2025/4/3 15:37:59,34805
2025/4/3 15:37:59,34805
2025/4/3 15:37:59,34805
2025/4/3 15:37:59,34805
2025/4/3 15:37:59,34805
2025/4/3 15:37:59,34805
2025/4/3 15:37:59,34805
2025/4/3 15:37:59,34805
2025/4/3 15:37:59,34805
2025/4/3 15:37:59,34805
2025/4/3 15:37:59,34805
2025/4/3 15:37:59,34805
2025/4/3 15:37:59,34805
2025/4/3 15:37:59,34805
2025/4/3 15:37:59,34805
2025/4/3 15:37:59,34805
2025/4/3 15:37:59,34805
2025/4/3 15:37:59,34805
2025/4/3 15:38:02,34805
2025/4/3 15:38:02,34805
2025/4/3 15:38:02,34805
2025/4/3 15:38:02,34805
2025/4/3 15:38:02,34805
2025/4/3 15:38:02,34805
2025/4/3 15:38:02,34805
2025/4/3 15:38:02,34805
2025/4/3 15:38:02,34805
2025/4/3 15:38:02,34805
2025/4/3 15:38:03,34805
2025/4/3 15:38:03,34805
2025/4/3 15:38:03,34800
2025/4/3 15:38:03,34800
2025/4/3 15:38:03,34805
2025/4/3 15:38:03,34810
2025/4/3 15:38:03,34810
2025/4/3 15:38:03,34810
2025/4/3 15:38:04,34795
2025/4/3 15:38:04,34795
2025/4/3 15:38:04,34795
2025/4/3 15:38:04,34795
2025/4/3 15:38:04,34795
2025/4/3 15:38:04,34795
2025/4/3 15:38:04,34795
2025/4/3 15:38:04,34795
2025/4/3 15:38:04,34795
2025/4/3 15:38:04,34795
2025/4/3 15:38:04,34795
2025/4/3 15:38:05,34790
2025/4/3 15:38:05,34790
2025/4/3 15:38:05,34790
2025/4/3 15:38:05,34790
2025/4/3 15:38:05,34790
2025/4/3 15:38:05,34790
2025/4/3 15:38:05,34790
2025/4/3 15:38:05,34790
2025/4/3 15:38:05,34790
2025/4/3 15:38:05,34790
2025/4/3 15:38:05,34790
2025/4/3 15:38:07,34800
2025/4/3 15:38:07,34800
2025/4/3 15:38:07,34800
2025/4/3 15:38:08,34795
2025/4/3 15:38:08,34795
2025/4/3 15:38:08,34795
2025/4/3 15:38:08,34795
2025/4/3 15:38:08,34795
2025/4/3 15:38:08,34795
2025/4/3 15:38:08,34795
2025/4/3 15:38:08,34795
2025/4/3 15:38:08,34795
2025/4/3 15:38:08,34795
2025/4/3 15:38:08,34795
2025/4/3 15:38:08,34795
2025/4/3 15:38:08,34795
2025/4/3 15:38:09,34800
2025/4/3 15:38:09,34800
2025/4/3 15:38:09,34800
2025/4/3 15:38:09,34800
2025/4/3 15:38:09,34800
2025/4/3 15:38:09,34800
2025/4/3 15:38:10,34800
2025/4/3 15:38:10,34800
2025/4/3 15:38:10,34800
2025/4/3 15:38:10,34800
2025/4/3 15:38:11,34795
2025/4/3 15:38:11,34795
2025/4/3 15:38:11,34800
2025/4/3 15:38:11,34800
2025/4/3 15:38:11,34800
2025/4/3 15:38:11,34800
2025/4/3 15:38:11,34800
2025/4/3 15:38:11,34800
2025/4/3 15:38:11,34800
2025/4/3 15:38:12,34800
2025/4/3 15:38:12,34800
2025/4/3 15:38:12,34800
2025/4/3 15:38:12,34800
2025/4/3 15:38:12,34800
2025/4/3 15:38:12,34800
2025/4/3 15:38:12,34800
2025/4/3 15:38:12,34800
2025/4/3 15:38:12,34795
2025/4/3 15:38:12,34795
2025/4/3 15:38:12,34795
2025/4/3 15:38:13,34795
2025/4/3 15:38:13,34795
2025/4/3 15:38:13,34795
2025/4/3 15:38:13,34795
2025/4/3 15:38:13,34795
2025/4/3 15:38:13,34795
2025/4/3 15:38:13,34795
2025/4/3 15:38:13,34795
2025/4/3 15:38:13,34795
2025/4/3 15:38:13,34795
2025/4/3 15:38:14,34795
2025/4/3 15:38:14,34795
2025/4/3 15:38:14,34795
2025/4/3 15:38:14,34795
2025/4/3 15:38:14,34795
2025/4/3 15:38:14,34795
2025/4/3 15:38:14,34795
2025/4/3 15:38:14,34795
2025/4/3 15:38:15,34805
2025/4/3 15:38:15,34805
2025/4/3 15:38:15,34805
2025/4/3 15:38:15,34805
2025/4/3 15:38:15,34805
2025/4/3 15:38:15,34805
2025/4/3 15:38:15,34805
2025/4/3 15:38:16,34805
2025/4/3 15:38:16,34805
2025/4/3 15:38:16,34805
2025/4/3 15:38:16,34800
2025/4/3 15:38:16,34800
2025/4/3 15:38:16,34800
2025/4/3 15:38:16,34800
2025/4/3 15:38:16,34800
2025/4/3 15:38:16,34800
2025/4/3 15:38:16,34800
2025/4/3 15:38:17,34805
2025/4/3 15:38:17,34805
2025/4/3 15:38:17,34805
2025/4/3 15:38:17,34805
2025/4/3 15:38:17,34805
2025/4/3 15:38:17,34805
2025/4/3 15:38:17,34805
2025/4/3 15:38:17,34805
2025/4/3 15:38:17,34805
2025/4/3 15:38:18,34805
2025/4/3 15:38:18,34805
2025/4/3 15:38:18,34805
2025/4/3 15:38:18,34805
2025/4/3 15:38:18,34805
2025/4/3 15:38:18,34805
2025/4/3 15:38:18,34805
2025/4/3 15:38:18,34805
2025/4/3 15:38:20,34805
2025/4/3 15:38:20,34800
2025/4/3 15:38:20,34805
2025/4/3 15:38:20,34805
2025/4/3 15:38:20,34805
2025/4/3 15:38:20,34805
2025/4/3 15:38:20,34805
2025/4/3 15:38:20,34805
2025/4/3 15:38:20,34805
2025/4/3 15:38:20,34805
2025/4/3 15:38:21,34805
2025/4/3 15:38:21,34805
2025/4/3 15:38:21,34805
2025/4/3 15:38:21,34805
2025/4/3 15:38:21,34805
2025/4/3 15:38:21,34805
2025/4/3 15:38:22,34805
2025/4/3 15:38:22,34805
2025/4/3 15:38:22,34800
2025/4/3 15:38:22,34800
2025/4/3 15:38:22,34800
2025/4/3 15:38:22,34800
2025/4/3 15:38:22,34800
2025/4/3 15:38:22,34800
2025/4/3 15:38:22,34800
2025/4/3 15:38:22,34800
2025/4/3 15:38:22,34800
2025/4/3 15:38:22,34800
2025/4/3 15:38:23,34805
2025/4/3 15:38:23,34805
2025/4/3 15:38:23,34805
2025/4/3 15:38:24,34805
2025/4/3 15:38:24,34805
2025/4/3 15:38:24,34805
2025/4/3 15:38:24,34805
2025/4/3 15:38:24,34805
2025/4/3 15:38:24,34805
2025/4/3 15:38:24,34805
2025/4/3 15:38:25,34805
2025/4/3 15:38:25,34805
2025/4/3 15:38:25,34805
2025/4/3 15:38:25,34805
2025/4/3 15:38:25,34805
2025/4/3 15:38:25,34805
2025/4/3 15:38:25,34805
2025/4/3 15:38:25,34805
2025/4/3 15:38:25,34805
2025/4/3 15:38:25,34805
2025/4/3 15:38:25,34805
2025/4/3 15:38:25,34805
2025/4/3 15:38:26,34810
2025/4/3 15:38:26,34810
2025/4/3 15:38:26,34810
2025/4/3 15:38:26,34810
2025/4/3 15:38:27,34810
2025/4/3 15:38:27,34810
2025/4/3 15:38:27,34810
2025/4/3 15:38:27,34810
2025/4/3 15:38:27,34810
2025/4/3 15:38:27,34805
2025/4/3 15:38:27,34805
2025/4/3 15:38:27,34805
2025/4/3 15:38:27,34805
2025/4/3 15:38:27,34805
2025/4/3 15:38:27,34805
2025/4/3 15:38:27,34805
2025/4/3 15:38:27,34805
2025/4/3 15:38:29,34810
2025/4/3 15:38:29,34810
2025/4/3 15:38:29,34810
2025/4/3 15:38:29,34810
2025/4/3 15:38:29,34810
2025/4/3 15:38:29,34810
2025/4/3 15:38:29,34810
2025/4/3 15:38:29,34810
2025/4/3 15:38:29,34810
2025/4/3 15:38:29,34810
2025/4/3 15:38:29,34810
2025/4/3 15:38:29,34810
2025/4/3 15:38:29,34810
2025/4/3 15:38:29,34810
2025/4/3 15:38:29,34810
2025/4/3 15:38:29,34810
2025/4/3 15:38:29,34810
2025/4/3 15:38:29,34810
2025/4/3 15:38:29,34810
2025/4/3 15:38:32,34805
2025/4/3 15:38:32,34805
2025/4/3 15:38:32,34805
2025/4/3 15:38:32,34805
2025/4/3 15:38:32,34805
2025/4/3 15:38:32,34805
2025/4/3 15:38:32,34805
2025/4/3 15:38:33,34805
2025/4/3 15:38:33,34805
2025/4/3 15:38:33,34805
2025/4/3 15:38:33,34805
2025/4/3 15:38:33,34805
2025/4/3 15:38:34,34800
2025/4/3 15:38:34,34800
2025/4/3 15:38:34,34805
2025/4/3 15:38:34,34805
2025/4/3 15:38:34,34805
2025/4/3 15:38:34,34805
2025/4/3 15:38:35,34805
2025/4/3 15:38:35,34805
2025/4/3 15:38:35,34805
2025/4/3 15:38:35,34805
2025/4/3 15:38:35,34805
2025/4/3 15:38:35,34805
2025/4/3 15:38:35,34805
2025/4/3 15:38:35,34805
2025/4/3 15:38:35,34805
2025/4/3 15:38:36,34805
2025/4/3 15:38:36,34805
2025/4/3 15:38:36,34805
2025/4/3 15:38:36,34805
2025/4/3 15:38:36,34805
2025/4/3 15:38:36,34805
2025/4/3 15:38:37,34805
2025/4/3 15:38:37,34805
2025/4/3 15:38:37,34805
2025/4/3 15:38:37,34805
2025/4/3 15:38:37,34805
2025/4/3 15:38:38,34805
2025/4/3 15:38:38,34805
2025/4/3 15:38:38,34805
2025/4/3 15:38:38,34805
2025/4/3 15:38:38,34805
2025/4/3 15:38:38,34805
2025/4/3 15:38:38,34805
2025/4/3 15:38:38,34805
2025/4/3 15:38:38,34805
2025/4/3 15:38:38,34805
2025/4/3 15:38:38,34805
2025/4/3 15:38:39,34800
2025/4/3 15:38:39,34800
2025/4/3 15:38:39,34800
2025/4/3 15:38:39,34800
2025/4/3 15:38:39,34800
2025/4/3 15:38:40,34795
2025/4/3 15:38:40,34795
2025/4/3 15:38:40,34795
2025/4/3 15:38:40,34795
2025/4/3 15:38:40,34795
2025/4/3 15:38:40,34795
2025/4/3 15:38:40,34795
2025/4/3 15:38:40,34795
2025/4/3 15:38:40,34795
2025/4/3 15:38:41,34800
2025/4/3 15:38:41,34800
2025/4/3 15:38:41,34800
2025/4/3 15:38:41,34800
2025/4/3 15:38:42,34800
2025/4/3 15:38:42,34800
2025/4/3 15:38:42,34800
2025/4/3 15:38:42,34800
2025/4/3 15:38:42,34795
2025/4/3 15:38:42,34795
2025/4/3 15:38:42,34795
2025/4/3 15:38:42,34795
2025/4/3 15:38:42,34795
2025/4/3 15:38:42,34795
2025/4/3 15:38:42,34795
2025/4/3 15:38:42,34795
2025/4/3 15:38:42,34795
2025/4/3 15:38:42,34795
2025/4/3 15:38:42,34795
2025/4/3 15:38:42,34795
2025/4/3 15:38:42,34795
2025/4/3 15:38:44,34800
2025/4/3 15:38:44,34800
2025/4/3 15:38:44,34800
2025/4/3 15:38:44,34800
2025/4/3 15:38:44,34800
2025/4/3 15:38:44,34800
2025/4/3 15:38:45,34800
2025/4/3 15:38:45,34800
2025/4/3 15:38:45,34800
2025/4/3 15:38:45,34800
2025/4/3 15:38:45,34800
2025/4/3 15:38:45,34800
2025/4/3 15:38:45,34800
2025/4/3 15:38:46,34800
2025/4/3 15:38:46,34795
2025/4/3 15:38:46,34795
2025/4/3 15:38:46,34795
2025/4/3 15:38:46,34795
2025/4/3 15:38:46,34795
2025/4/3 15:38:46,34795
2025/4/3 15:38:46,34795
2025/4/3 15:38:46,34795
2025/4/3 15:38:46,34795
2025/4/3 15:38:46,34795
2025/4/3 15:38:46,34795
2025/4/3 15:38:48,34800
2025/4/3 15:38:48,34800
2025/4/3 15:38:48,34800
2025/4/3 15:38:48,34800
2025/4/3 15:38:48,34800
2025/4/3 15:38:48,34800
2025/4/3 15:38:48,34800
2025/4/3 15:38:48,34800
2025/4/3 15:38:49,34800
2025/4/3 15:38:49,34800
2025/4/3 15:38:49,34800
2025/4/3 15:38:49,34800
2025/4/3 15:38:49,34800
2025/4/3 15:38:49,34800
2025/4/3 15:38:49,34800
2025/4/3 15:38:49,34800
2025/4/3 15:38:49,34800
2025/4/3 15:38:49,34800
2025/4/3 15:38:51,34805
2025/4/3 15:38:51,34805
2025/4/3 15:38:51,34800
2025/4/3 15:38:51,34795
2025/4/3 15:38:51,34795
2025/4/3 15:38:51,34795
2025/4/3 15:38:51,34795
2025/4/3 15:38:51,34795
2025/4/3 15:38:51,34795
2025/4/3 15:38:51,34795
2025/4/3 15:38:51,34795
2025/4/3 15:38:51,34795
2025/4/3 15:38:51,34795
2025/4/3 15:38:51,34795
2025/4/3 15:38:51,34795
2025/4/3 15:38:51,34795
2025/4/3 15:38:53,34800
2025/4/3 15:38:53,34800
2025/4/3 15:38:53,34800
2025/4/3 15:38:53,34800
2025/4/3 15:38:53,34800
2025/4/3 15:38:53,34800
2025/4/3 15:38:55,34795
2025/4/3 15:38:55,34795
2025/4/3 15:38:55,34795
2025/4/3 15:38:55,34795
2025/4/3 15:38:55,34795
2025/4/3 15:38:55,34795
2025/4/3 15:38:56,34795
2025/4/3 15:38:56,34795
2025/4/3 15:38:56,34795
2025/4/3 15:38:56,34795
2025/4/3 15:38:56,34795
2025/4/3 15:38:56,34795
2025/4/3 15:38:56,34795
2025/4/3 15:38:56,34795
2025/4/3 15:38:56,34795
2025/4/3 15:38:56,34795
2025/4/3 15:38:56,34795
2025/4/3 15:38:56,34795
2025/4/3 15:38:56,34795
2025/4/3 15:38:56,34795
2025/4/3 15:38:56,34795
2025/4/3 15:38:56,34795
2025/4/3 15:38:56,34795
2025/4/3 15:38:56,34795
2025/4/3 15:38:58,34795
2025/4/3 15:38:58,34795
2025/4/3 15:38:58,34795
2025/4/3 15:38:58,34795
2025/4/3 15:38:59,34795
2025/4/3 15:38:59,34795
2025/4/3 15:38:59,34795
2025/4/3 15:38:59,34795
2025/4/3 15:38:59,34795
2025/4/3 15:38:59,34795
2025/4/3 15:39:00,34805
2025/4/3 15:39:00,34805
2025/4/3 15:39:00,34805
2025/4/3 15:39:00,34805
2025/4/3 15:39:00,34805
2025/4/3 15:39:00,34800
2025/4/3 15:39:00,34800
2025/4/3 15:39:00,34800
2025/4/3 15:39:00,34800
2025/4/3 15:39:00,34800
2025/4/3 15:39:00,34800
2025/4/3 15:39:00,34800
2025/4/3 15:39:00,34800
2025/4/3 15:39:00,34800
2025/4/3 15:39:01,34805
2025/4/3 15:39:01,34805
2025/4/3 15:39:01,34800
2025/4/3 15:39:01,34800
2025/4/3 15:39:01,34800
2025/4/3 15:39:01,34800
2025/4/3 15:39:01,34800
2025/4/3 15:39:01,34800
2025/4/3 15:39:01,34800
2025/4/3 15:39:01,34800
2025/4/3 15:39:01,34800
2025/4/3 15:39:01,34800
2025/4/3 15:39:01,34800
2025/4/3 15:39:01,34800
2025/4/3 15:39:01,34800
2025/4/3 15:39:01,34800
2025/4/3 15:39:02,34800
2025/4/3 15:39:02,34800
2025/4/3 15:39:02,34800
2025/4/3 15:39:02,34800
2025/4/3 15:39:02,34800
2025/4/3 15:39:02,34800
2025/4/3 15:39:02,34800
2025/4/3 15:39:02,34800
2025/4/3 15:39:02,34800
2025/4/3 15:39:02,34800
2025/4/3 15:39:03,34795
2025/4/3 15:39:03,34795
2025/4/3 15:39:03,34795
2025/4/3 15:39:03,34795
2025/4/3 15:39:03,34795
2025/4/3 15:39:03,34795
2025/4/3 15:39:04,34795
2025/4/3 15:39:04,34795
2025/4/3 15:39:04,34795
2025/4/3 15:39:04,34795
2025/4/3 15:39:04,34795
2025/4/3 15:39:04,34795
2025/4/3 15:39:04,34795
2025/4/3 15:39:05,34795
2025/4/3 15:39:05,34795
2025/4/3 15:39:05,34795
2025/4/3 15:39:05,34795
2025/4/3 15:39:05,34795
2025/4/3 15:39:05,34795
2025/4/3 15:39:05,34795
2025/4/3 15:39:05,34795
2025/4/3 15:39:05,34795
2025/4/3 15:39:05,34795
2025/4/3 15:39:05,34795
2025/4/3 15:39:05,34795
2025/4/3 15:39:07,34795
2025/4/3 15:39:07,34795
2025/4/3 15:39:07,34795
2025/4/3 15:39:08,34800
2025/4/3 15:39:08,34800
2025/4/3 15:39:08,34800
2025/4/3 15:39:08,34800
2025/4/3 15:39:08,34800
2025/4/3 15:39:08,34800
2025/4/3 15:39:08,34800
2025/4/3 15:39:08,34800
2025/4/3 15:39:08,34800
2025/4/3 15:39:09,34795
2025/4/3 15:39:09,34795
2025/4/3 15:39:09,34795
2025/4/3 15:39:09,34795
2025/4/3 15:39:09,34795
2025/4/3 15:39:09,34795
2025/4/3 15:39:10,34795
2025/4/3 15:39:10,34795
2025/4/3 15:39:10,34795
2025/4/3 15:39:10,34795
2025/4/3 15:39:10,34795
2025/4/3 15:39:10,34795
2025/4/3 15:39:10,34795
2025/4/3 15:39:10,34795
2025/4/3 15:39:10,34795
2025/4/3 15:39:11,34795
2025/4/3 15:39:11,34795
2025/4/3 15:39:11,34795
2025/4/3 15:39:11,34795
2025/4/3 15:39:11,34795
2025/4/3 15:39:11,34795
2025/4/3 15:39:11,34795
2025/4/3 15:39:12,34795
2025/4/3 15:39:12,34795
2025/4/3 15:39:12,34795
2025/4/3 15:39:12,34795
2025/4/3 15:39:12,34795
2025/4/3 15:39:12,34795
2025/4/3 15:39:12,34795
2025/4/3 15:39:12,34795
2025/4/3 15:39:12,34795
2025/4/3 15:39:13,34800
2025/4/3 15:39:13,34800
2025/4/3 15:39:13,34800
2025/4/3 15:39:13,34800
2025/4/3 15:39:13,34800
2025/4/3 15:39:13,34800
2025/4/3 15:39:13,34795
2025/4/3 15:39:13,34795
2025/4/3 15:39:13,34795
2025/4/3 15:39:13,34795
2025/4/3 15:39:13,34795
2025/4/3 15:39:13,34795
2025/4/3 15:39:13,34795
2025/4/3 15:39:13,34795
2025/4/3 15:39:13,34795
2025/4/3 15:39:13,34795
2025/4/3 15:39:13,34795
2025/4/3 15:39:13,34795
2025/4/3 15:39:15,34800
2025/4/3 15:39:15,34800
2025/4/3 15:39:15,34800
2025/4/3 15:39:15,34800
2025/4/3 15:39:15,34800
2025/4/3 15:39:15,34800
2025/4/3 15:39:15,34800
2025/4/3 15:39:15,34800
2025/4/3 15:39:16,34800
2025/4/3 15:39:16,34800
2025/4/3 15:39:16,34800
2025/4/3 15:39:16,34800
2025/4/3 15:39:16,34800
2025/4/3 15:39:16,34800
2025/4/3 15:39:16,34800
2025/4/3 15:39:16,34800
2025/4/3 15:39:17,34800
2025/4/3 15:39:17,34800
2025/4/3 15:39:17,34800
2025/4/3 15:39:17,34800
2025/4/3 15:39:17,34800
2025/4/3 15:39:18,34800
2025/4/3 15:39:18,34800
2025/4/3 15:39:18,34800
2025/4/3 15:39:18,34800
2025/4/3 15:39:18,34800
2025/4/3 15:39:18,34800
2025/4/3 15:39:18,34800
2025/4/3 15:39:18,34800
2025/4/3 15:39:18,34800
2025/4/3 15:39:18,34800
2025/4/3 15:39:18,34800
2025/4/3 15:39:19,34800
2025/4/3 15:39:19,34800
2025/4/3 15:39:19,34800
2025/4/3 15:39:19,34800
2025/4/3 15:39:19,34800
2025/4/3 15:39:19,34800
2025/4/3 15:39:19,34800
2025/4/3 15:39:19,34800
2025/4/3 15:39:19,34800
2025/4/3 15:39:19,34800
2025/4/3 15:39:19,34800
2025/4/3 15:39:19,34800
2025/4/3 15:39:19,34800
2025/4/3 15:39:21,34795
2025/4/3 15:39:21,34795
2025/4/3 15:39:21,34800
2025/4/3 15:39:21,34800
2025/4/3 15:39:21,34800
2025/4/3 15:39:21,34800
2025/4/3 15:39:21,34800
2025/4/3 15:39:22,34800
2025/4/3 15:39:22,34800
2025/4/3 15:39:23,34800
2025/4/3 15:39:23,34800
2025/4/3 15:39:23,34800
2025/4/3 15:39:23,34800
2025/4/3 15:39:23,34800
2025/4/3 15:39:23,34800
2025/4/3 15:39:23,34800
2025/4/3 15:39:23,34800
2025/4/3 15:39:23,34800
2025/4/3 15:39:23,34800
2025/4/3 15:39:23,34800
2025/4/3 15:39:24,34795
2025/4/3 15:39:24,34795
2025/4/3 15:39:24,34795
2025/4/3 15:39:24,34800
2025/4/3 15:39:24,34800
2025/4/3 15:39:24,34795
2025/4/3 15:39:24,34795
2025/4/3 15:39:24,34795
2025/4/3 15:39:24,34795
2025/4/3 15:39:24,34795
2025/4/3 15:39:25,34800
2025/4/3 15:39:25,34800
2025/4/3 15:39:25,34800
2025/4/3 15:39:25,34800
2025/4/3 15:39:25,34800
2025/4/3 15:39:26,34795
2025/4/3 15:39:26,34795
2025/4/3 15:39:26,34795
2025/4/3 15:39:26,34795
2025/4/3 15:39:26,34795
2025/4/3 15:39:26,34800
2025/4/3 15:39:26,34800
2025/4/3 15:39:26,34800
2025/4/3 15:39:26,34800
2025/4/3 15:39:26,34800
2025/4/3 15:39:27,34795
2025/4/3 15:39:27,34795
2025/4/3 15:39:27,34795
2025/4/3 15:39:27,34795
2025/4/3 15:39:27,34795
2025/4/3 15:39:27,34795
2025/4/3 15:39:27,34795
2025/4/3 15:39:27,34795
2025/4/3 15:39:27,34795
2025/4/3 15:39:27,34795
2025/4/3 15:39:27,34795
2025/4/3 15:39:27,34795
2025/4/3 15:39:27,34795
2025/4/3 15:39:27,34795
2025/4/3 15:39:27,34795
2025/4/3 15:39:29,34795
2025/4/3 15:39:29,34795
2025/4/3 15:39:29,34795
2025/4/3 15:39:29,34795
2025/4/3 15:39:29,34795
2025/4/3 15:39:29,34795
2025/4/3 15:39:29,34795
2025/4/3 15:39:29,34795
2025/4/3 15:39:29,34795
2025/4/3 15:39:29,34795
2025/4/3 15:39:29,34795
2025/4/3 15:39:29,34795
2025/4/3 15:39:29,34795
2025/4/3 15:39:29,34795
2025/4/3 15:39:29,34795
2025/4/3 15:39:29,34795
2025/4/3 15:39:31,34800
2025/4/3 15:39:31,34800
2025/4/3 15:39:31,34800
2025/4/3 15:39:31,34800
2025/4/3 15:39:32,34800
2025/4/3 15:39:32,34800
2025/4/3 15:39:32,34800
2025/4/3 15:39:32,34800
2025/4/3 15:39:32,34800
2025/4/3 15:39:32,34800
2025/4/3 15:39:32,34800
2025/4/3 15:39:33,34795
2025/4/3 15:39:33,34795
2025/4/3 15:39:33,34795
2025/4/3 15:39:33,34795
2025/4/3 15:39:33,34795
2025/4/3 15:39:33,34795
2025/4/3 15:39:33,34795
2025/4/3 15:39:33,34795
2025/4/3 15:39:34,34790
2025/4/3 15:39:34,34790
2025/4/3 15:39:34,34790
2025/4/3 15:39:34,34790
2025/4/3 15:39:34,34790
2025/4/3 15:39:34,34790
2025/4/3 15:39:34,34790
2025/4/3 15:39:34,34790
2025/4/3 15:39:34,34790
2025/4/3 15:39:34,34790
2025/4/3 15:39:36,34800
2025/4/3 15:39:36,34800
2025/4/3 15:39:36,34800
2025/4/3 15:39:36,34800
2025/4/3 15:39:36,34800
2025/4/3 15:39:36,34795
2025/4/3 15:39:36,34795
2025/4/3 15:39:37,34800
2025/4/3 15:39:37,34800
2025/4/3 15:39:37,34800
2025/4/3 15:39:37,34800
2025/4/3 15:39:37,34800
2025/4/3 15:39:37,34800
2025/4/3 15:39:37,34800
2025/4/3 15:39:37,34800
2025/4/3 15:39:37,34800
2025/4/3 15:39:37,34800
2025/4/3 15:39:37,34800
2025/4/3 15:39:38,34800
2025/4/3 15:39:38,34800
2025/4/3 15:39:38,34800
2025/4/3 15:39:38,34800
2025/4/3 15:39:38,34800
2025/4/3 15:39:38,34800
2025/4/3 15:39:38,34800
2025/4/3 15:39:38,34800
2025/4/3 15:39:40,34800
2025/4/3 15:39:40,34800
2025/4/3 15:39:40,34800
2025/4/3 15:39:40,34800
2025/4/3 15:39:40,34800
2025/4/3 15:39:40,34800
2025/4/3 15:39:40,34800
2025/4/3 15:39:40,34800
2025/4/3 15:39:41,34805
2025/4/3 15:39:41,34805
2025/4/3 15:39:41,34805
2025/4/3 15:39:41,34805
2025/4/3 15:39:41,34805
2025/4/3 15:39:41,34805
2025/4/3 15:39:42,34795
2025/4/3 15:39:42,34795
2025/4/3 15:39:42,34795
2025/4/3 15:39:42,34795
2025/4/3 15:39:42,34800
2025/4/3 15:39:42,34800
2025/4/3 15:39:42,34800
2025/4/3 15:39:42,34800
2025/4/3 15:39:42,34800
2025/4/3 15:39:42,34800
2025/4/3 15:39:42,34800
2025/4/3 15:39:42,34800
2025/4/3 15:39:44,34790
2025/4/3 15:39:44,34790
2025/4/3 15:39:44,34790
2025/4/3 15:39:44,34800
2025/4/3 15:39:44,34800
2025/4/3 15:39:44,34800
2025/4/3 15:39:44,34800
2025/4/3 15:39:44,34800
2025/4/3 15:39:45,34800
2025/4/3 15:39:45,34800
2025/4/3 15:39:45,34800
2025/4/3 15:39:45,34800
2025/4/3 15:39:45,34800
2025/4/3 15:39:45,34800
2025/4/3 15:39:46,34790
2025/4/3 15:39:46,34790
2025/4/3 15:39:46,34790
2025/4/3 15:39:46,34790
2025/4/3 15:39:47,34795
2025/4/3 15:39:47,34795
2025/4/3 15:39:47,34795
2025/4/3 15:39:47,34795
2025/4/3 15:39:47,34795
2025/4/3 15:39:47,34795
2025/4/3 15:39:47,34795
2025/4/3 15:39:47,34795
2025/4/3 15:39:48,34800
2025/4/3 15:39:48,34800
2025/4/3 15:39:48,34800
2025/4/3 15:39:48,34800
2025/4/3 15:39:48,34800
2025/4/3 15:39:49,34800
2025/4/3 15:39:49,34800
2025/4/3 15:39:49,34800
2025/4/3 15:39:49,34800
2025/4/3 15:39:49,34800
2025/4/3 15:39:50,34795
2025/4/3 15:39:50,34795
2025/4/3 15:39:50,34795
2025/4/3 15:39:50,34795
2025/4/3 15:39:50,34795
2025/4/3 15:39:50,34795
2025/4/3 15:39:50,34790
2025/4/3 15:39:50,34790
2025/4/3 15:39:50,34790
2025/4/3 15:39:50,34790
2025/4/3 15:39:50,34790
2025/4/3 15:39:50,34790
2025/4/3 15:39:51,34805
2025/4/3 15:39:51,34805
2025/4/3 15:39:51,34805
2025/4/3 15:39:51,34805
2025/4/3 15:39:51,34805
2025/4/3 15:39:51,34805
2025/4/3 15:39:51,34805
2025/4/3 15:39:51,34805
2025/4/3 15:39:52,34800
2025/4/3 15:39:52,34800
2025/4/3 15:39:52,34800
2025/4/3 15:39:52,34800
2025/4/3 15:39:52,34800
2025/4/3 15:39:53,34800
2025/4/3 15:39:53,34800
2025/4/3 15:39:53,34800
2025/4/3 15:39:53,34800
2025/4/3 15:39:53,34800
2025/4/3 15:39:54,34805
2025/4/3 15:39:54,34805
2025/4/3 15:39:54,34805
2025/4/3 15:39:54,34805
2025/4/3 15:39:54,34805
2025/4/3 15:39:54,34805
2025/4/3 15:39:55,34800
2025/4/3 15:39:55,34800
2025/4/3 15:39:55,34800
2025/4/3 15:39:56,34805
2025/4/3 15:39:56,34805
2025/4/3 15:39:56,34805
2025/4/3 15:39:56,34805
2025/4/3 15:39:56,34805
2025/4/3 15:39:56,34805
2025/4/3 15:39:56,34805
2025/4/3 15:39:56,34805
2025/4/3 15:39:56,34805
2025/4/3 15:39:57,34800
2025/4/3 15:39:57,34800
2025/4/3 15:39:58,34805
2025/4/3 15:39:58,34805
2025/4/3 15:39:58,34805
2025/4/3 15:39:58,34805
2025/4/3 15:39:58,34805
2025/4/3 15:39:58,34805
2025/4/3 15:39:58,34805
2025/4/3 15:39:58,34805
2025/4/3 15:39:58,34805
2025/4/3 15:39:58,34805
2025/4/3 15:39:58,34805
2025/4/3 15:39:58,34805
2025/4/3 15:39:59,34805
2025/4/3 15:39:59,34805
2025/4/3 15:39:59,34805
2025/4/3 15:39:59,34805
2025/4/3 15:39:59,34805
2025/4/3 15:39:59,34805
2025/4/3 15:39:59,34805
2025/4/3 15:39:59,34805
2025/4/3 15:40:00,34800
2025/4/3 15:40:00,34800
2025/4/3 15:40:00,34800
2025/4/3 15:40:00,34800
2025/4/3 15:40:00,34800
2025/4/3 15:40:00,34800
2025/4/3 15:40:00,34800
2025/4/3 15:40:00,34800
2025/4/3 15:40:00,34800
2025/4/3 15:40:00,34800
2025/4/3 15:40:00,34800
2025/4/3 15:40:00,34800
2025/4/3 15:40:00,34800
2025/4/3 15:40:00,34800
2025/4/3 15:40:00,34800
2025/4/3 15:40:00,34800
2025/4/3 15:40:00,34800
2025/4/3 15:40:00,34800
2025/4/3 15:40:00,34800
2025/4/3 15:40:00,34800
2025/4/3 15:40:00,34800
2025/4/3 15:40:00,34800
2025/4/3 15:40:00,34800
2025/4/3 15:40:00,34800
2025/4/3 15:40:00,34800
2025/4/3 15:40:00,34800
2025/4/3 15:40:00,34800
2025/4/3 15:40:00,34800
2025/4/3 15:40:00,34800
2025/4/3 15:40:00,34800
2025/4/3 15:40:00,34800
2025/4/3 15:40:00,34800
2025/4/3 15:40:00,34800
2025/4/3 15:40:00,34800
2025/4/3 15:40:00,34800
2025/4/3 15:40:00,34800
2025/4/3 15:40:00,34800
2025/4/3 15:40:00,34800
2025/4/3 15:40:00,34800
2025/4/3 15:40:00,34800
2025/4/3 15:40:00,34800
2025/4/3 15:40:00,34800
2025/4/3 15:40:00,34800
2025/4/3 15:40:00,34800
2025/4/3 15:40:00,34800
2025/4/3 15:40:00,34800
2025/4/3 15:40:00,34800
2025/4/3 15:40:00,34800
2025/4/3 15:40:00,34800
2025/4/3 15:40:00,34800
2025/4/3 15:40:00,34800
2025/4/3 15:40:00,34800
2025/4/3 15:40:00,34800
2025/4/3 15:40:00,34800
2025/4/3 15:40:00,34800
2025/4/3 15:40:00,34800
2025/4/3 15:40:00,34800
2025/4/3 15:40:00,34800
2025/4/3 15:40:00,34800
2025/4/3 15:40:00,34800
2025/4/3 15:40:00,34800
2025/4/3 15:40:00,34800
2025/4/3 15:40:00,34800
2025/4/3 15:40:00,34800
2025/4/3 15:40:00,34800
2025/4/3 15:40:00,34800
2025/4/3 15:40:00,34800
2025/4/3 15:40:00,34800
2025/4/3 15:40:00,34800
2025/4/3 15:40:00,34800
2025/4/3 15:40:00,34800
2025/4/3 15:40:00,34800
2025/4/3 15:40:00,34800
2025/4/3 15:40:00,34800
2025/4/3 15:40:00,34800
2025/4/3 15:40:00,34800
2025/4/3 15:40:00,34800
2025/4/3 15:40:00,34800
2025/4/3 15:40:00,34800
2025/4/3 15:40:00,34800
2025/4/3 15:40:00,34800
2025/4/3 15:40:00,34800
2025/4/3 15:40:00,34800
2025/4/3 15:40:00,34800
2025/4/3 15:40:00,34800
2025/4/3 15:40:00,34800
2025/4/3 15:40:00,34800
2025/4/3 15:40:00,34800
2025/4/3 15:40:00,34800
2025/4/3 15:40:00,34800
2025/4/3 15:40:00,34800
2025/4/3 15:40:00,34800
2025/4/3 15:40:00,34800
2025/4/3 15:40:00,34800
2025/4/3 15:40:00,34800
2025/4/3 15:40:00,34800
2025/4/3 15:40:00,34800
2025/4/3 15:40:00,34800
2025/4/3 15:40:00,34800
2025/4/3 15:40:00,34800
2025/4/3 15:40:00,34800
2025/4/3 15:40:00,34800
2025/4/3 15:40:00,34800
2025/4/3 15:40:00,34800
2025/4/3 15:40:00,34800
2025/4/3 15:40:00,34800
2025/4/3 15:40:00,34800
2025/4/3 15:40:00,34800
2025/4/3 15:40:00,34800
2025/4/3 15:40:00,34800
2025/4/3 15:40:00,34800
2025/4/3 15:40:00,34800
2025/4/3 15:40:00,34800
2025/4/3 15:40:00,34800
2025/4/3 15:40:00,34800
2025/4/3 15:40:00,34800
2025/4/3 15:40:00,34800
2025/4/3 15:40:00,34800
2025/4/3 15:40:00,34800
2025/4/3 15:40:00,34800
2025/4/3 15:40:00,34800
2025/4/3 15:40:00,34800
2025/4/3 15:40:00,34800
2025/4/3 15:40:00,34800
2025/4/3 15:40:00,34800
2025/4/3 15:40:00,34800
2025/4/3 15:40:00,34800
2025/4/3 15:40:00,34800
2025/4/3 15:40:00,34800
2025/4/3 15:40:00,34800
2025/4/3 15:40:00,34800
2025/4/3 15:40:00,34800
2025/4/3 15:40:00,34800
2025/4/3 15:40:00,34800
2025/4/3 15:40:00,34800
2025/4/3 15:40:00,34800
2025/4/3 15:40:00,34800
2025/4/3 15:40:00,34800
2025/4/3 15:40:00,34800
2025/4/3 15:40:00,34800
2025/4/3 15:40:00,34800
2025/4/3 15:40:00,34800
2025/4/3 15:40:00,34800
2025/4/3 15:40:00,34800
2025/4/3 15:40:00,34800
2025/4/3 15:40:00,34800
2025/4/3 15:40:00,34800
2025/4/3 15:40:00,34800
2025/4/3 15:40:00,34800
2025/4/3 15:40:00,34800
2025/4/3 15:40:00,34800
2025/4/3 15:40:00,34800
2025/4/3 15:40:00,34800
2025/4/3 15:40:00,34800
2025/4/3 15:40:00,34800
2025/4/3 15:40:00,34800
2025/4/3 15:40:00,34800
2025/4/3 15:40:00,34800
2025/4/3 15:40:00,34800
2025/4/3 15:40:00,34800
2025/4/3 15:40:00,34800
2025/4/3 15:40:00,34800
2025/4/3 15:40:00,34800
2025/4/3 15:40:00,34800
2025/4/3 15:40:00,34800
2025/4/3 15:40:00,34800
2025/4/3 15:40:00,34800
2025/4/3 15:40:00,34800
2025/4/3 15:40:00,34800
2025/4/3 15:40:00,34800
2025/4/3 15:40:00,34800
2025/4/3 15:40:00,34800
2025/4/3 15:40:00,34800
2025/4/3 15:40:00,34800
2025/4/3 15:40:00,34800
2025/4/3 15:40:00,34800
2025/4/3 15:40:00,34800
2025/4/3 15:40:00,34800
2025/4/3 15:40:00,34800
2025/4/3 15:40:00,34800
2025/4/3 15:40:00,34800
2025/4/3 15:40:00,34800
2025/4/3 15:40:00,34800
2025/4/3 15:40:00,34800
2025/4/3 15:40:00,34800
2025/4/3 15:40:00,34800
2025/4/3 15:40:00,34800
2025/4/3 15:40:00,34800
2025/4/3 15:40:00,34800
2025/4/3 15:40:00,34800
2025/4/3 15:40:00,34800
2025/4/3 15:40:00,34800
2025/4/3 15:40:00,34800
2025/4/3 15:40:00,34800
2025/4/3 15:40:00,34800
2025/4/3 15:40:00,34800
2025/4/3 15:40:00,34800
2025/4/3 15:40:00,34800
2025/4/3 15:40:00,34800
2025/4/3 15:40:00,34800
2025/4/3 15:40:00,34800
2025/4/3 15:40:00,34800
2025/4/3 15:40:00,34800
2025/4/3 15:40:00,34800
2025/4/3 15:40:00,34800
2025/4/3 15:40:00,34800
2025/4/3 15:40:00,34800
2025/4/3 15:40:00,34800
2025/4/3 15:40:00,34800
2025/4/3 15:40:00,34800
2025/4/3 15:40:00,34800
2025/4/3 15:40:00,34800
2025/4/3 15:40:00,34800
2025/4/3 15:40:00,34800
2025/4/3 15:40:00,34800
2025/4/3 15:40:00,34800
2025/4/3 15:40:00,34800
2025/4/3 15:40:00,34800
2025/4/3 15:40:00,34800
2025/4/3 15:40:00,34800
2025/4/3 15:40:00,34800
2025/4/3 15:40:00,34800
2025/4/3 15:40:00,34800
2025/4/3 15:40:00,34800
2025/4/3 15:40:00,34800
2025/4/3 15:40:00,34800
2025/4/3 15:40:00,34800
2025/4/3 15:40:00,34800
2025/4/3 15:40:00,34800
2025/4/3 15:40:00,34800
2025/4/3 15:40:00,34800
2025/4/3 15:40:00,34800
2025/4/3 15:40:00,34800
2025/4/3 15:40:00,34800
2025/4/3 15:40:00,34800
2025/4/3 15:40:00,34800
2025/4/3 15:40:00,34800
2025/4/3 15:40:00,34800
2025/4/3 15:40:00,34800
2025/4/3 15:40:00,34800
2025/4/3 15:40:00,34800
2025/4/3 15:40:00,34800
2025/4/3 15:40:00,34800
2025/4/3 15:40:00,34800
2025/4/3 15:40:00,34800
2025/4/3 15:40:00,34800
2025/4/3 15:40:00,34800
2025/4/3 15:40:00,34800
2025/4/3 15:40:00,34800
2025/4/3 15:40:00,34800
2025/4/3 15:40:00,34800
2025/4/3 15:40:00,34800
2025/4/3 15:40:00,34800
2025/4/3 15:40:00,34800
2025/4/3 15:40:00,34800
2025/4/3 15:40:00,34800
2025/4/3 15:40:00,34800
2025/4/3 15:40:00,34800
2025/4/3 15:40:00,34800
2025/4/3 15:40:00,34800
2025/4/3 15:40:00,34800
2025/4/3 15:40:00,34800
2025/4/3 15:40:00,34800
2025/4/3 15:40:00,34800
2025/4/3 15:40:00,34800
2025/4/3 15:40:00,34800
2025/4/3 15:40:00,34800
2025/4/3 15:40:00,34800
2025/4/3 15:40:00,34800
2025/4/3 15:40:00,34800
2025/4/3 15:40:00,34800
2025/4/3 15:40:00,34800
2025/4/3 15:40:00,34800
2025/4/3 15:40:00,34800
2025/4/3 15:40:00,34800
2025/4/3 15:40:00,34800
2025/4/3 15:40:00,34800
2025/4/3 15:40:00,34800
2025/4/3 15:40:00,34800
2025/4/3 15:40:00,34800
2025/4/3 15:40:00,34800
2025/4/3 15:40:00,34800
2025/4/3 15:40:00,34800
2025/4/3 15:40:00,34800
2025/4/3 15:40:00,34800
2025/4/3 15:40:00,34800
2025/4/3 15:40:00,34800
2025/4/3 15:40:00,34800
2025/4/3 15:40:00,34800
2025/4/3 15:40:00,34800
2025/4/3 15:40:00,34800
2025/4/3 15:40:00,34800
2025/4/3 15:40:00,34800
2025/4/3 15:40:00,34800
2025/4/3 15:40:00,34800
2025/4/3 15:40:00,34800
2025/4/3 15:40:00,34800
2025/4/3 15:40:00,34800
2025/4/3 15:40:00,34800
2025/4/3 15:40:00,34800
2025/4/3 15:40:00,34800
2025/4/3 15:40:00,34800
2025/4/3 15:40:00,34800
2025/4/3 15:40:00,34800
2025/4/3 15:40:00,34800
2025/4/3 15:40:00,34800
2025/4/3 15:40:00,34800
2025/4/3 15:40:00,34800
2025/4/3 15:40:00,34800
2025/4/3 15:40:00,34800
2025/4/3 15:40:00,34800
2025/4/3 15:40:00,34800
2025/4/3 15:40:00,34800
2025/4/3 15:40:00,34800
2025/4/3 15:40:00,34800
2025/4/3 15:40:00,34800
2025/4/3 15:40:00,34800
2025/4/3 15:40:00,34800
2025/4/3 15:40:00,34800
2025/4/3 15:40:00,34800
2025/4/3 15:40:00,34800
2025/4/3 15:40:00,34800
2025/4/3 15:40:00,34800
2025/4/3 15:40:00,34800
2025/4/3 15:40:00,34800
2025/4/3 15:40:00,34800
2025/4/3 15:40:00,34800
2025/4/3 15:40:00,34800
2025/4/3 15:40:00,34800
2025/4/3 15:40:00,34800
2025/4/3 15:40:00,34800
2025/4/3 15:40:00,34800
2025/4/3 15:40:00,34800
2025/4/3 15:40:00,34800
2025/4/3 15:40:00,34800
2025/4/3 15:40:00,34800
2025/4/3 15:40:00,34800
2025/4/3 15:40:00,34800
2025/4/3 15:40:00,34800
2025/4/3 15:40:00,34800
2025/4/3 15:40:00,34800
2025/4/3 15:40:00,34800
2025/4/3 15:40:00,34800
2025/4/3 15:40:00,34800
2025/4/3 15:40:00,34800
2025/4/3 15:40:00,34800
2025/4/3 15:40:00,34800
2025/4/3 15:40:00,34800
2025/4/3 15:40:00,34800
2025/4/3 15:40:00,34800
2025/4/3 15:40:00,34800
2025/4/3 15:40:00,34800
2025/4/3 15:40:00,34800
2025/4/3 15:40:00,34800
2025/4/3 15:40:00,34800
2025/4/3 15:40:00,34800
2025/4/3 15:40:00,34800
2025/4/3 15:40:00,34800
2025/4/3 15:40:00,34800
2025/4/3 15:40:00,34800
2025/4/3 15:40:00,34800
2025/4/3 15:40:00,34800
2025/4/3 15:40:00,34800
2025/4/3 15:40:00,34800
2025/4/3 15:40:00,34800
2025/4/3 15:40:00,34800
2025/4/3 15:40:00,34800
2025/4/3 15:40:00,34800
2025/4/3 15:40:00,34800
2025/4/3 15:40:00,34800
2025/4/3 15:40:00,34800
2025/4/3 15:40:00,34800
2025/4/3 15:40:00,34800
2025/4/3 15:40:00,34800
2025/4/3 15:40:00,34800
2025/4/3 15:40:00,34800
2025/4/3 15:40:00,34800
2025/4/3 15:40:00,34800
2025/4/3 15:40:00,34800
2025/4/3 15:40:00,34800
2025/4/3 15:40:00,34800
2025/4/3 15:40:00,34800
2025/4/3 15:40:00,34800
2025/4/3 15:40:00,34800
2025/4/3 15:40:00,34800
2025/4/3 15:40:00,34800
2025/4/3 15:40:00,34800
2025/4/3 15:40:00,34800
2025/4/3 15:40:00,34800
2025/4/3 15:40:00,34800
2025/4/3 15:40:00,34800
2025/4/3 15:40:00,34800
2025/4/3 15:40:00,34800
2025/4/3 15:40:00,34800
2025/4/3 15:40:00,34800
2025/4/3 15:40:00,34800
2025/4/3 15:40:00,34800
2025/4/3 15:40:00,34800
2025/4/3 15:40:00,34800
2025/4/3 15:40:00,34800
2025/4/3 15:40:00,34800
2025/4/3 15:40:00,34800
2025/4/3 15:40:00,34800
2025/4/3 15:40:00,34800
2025/4/3 15:40:00,34800
2025/4/3 15:40:00,34800
2025/4/3 15:40:00,34800
2025/4/3 15:40:00,34800
2025/4/3 15:40:00,34800
2025/4/3 15:40:00,34800
2025/4/3 15:40:00,34800
2025/4/3 15:40:00,34800
2025/4/3 15:40:00,34800
2025/4/3 15:40:00,34800
2025/4/3 15:40:00,34800
2025/4/3 15:40:00,34800
2025/4/3 15:40:00,34800
2025/4/3 15:40:00,34800
2025/4/3 15:40:00,34800
2025/4/3 15:40:00,34800
2025/4/3 15:40:00,34800
2025/4/3 15:40:00,34800
2025/4/3 15:40:00,34800
2025/4/3 15:40:00,34800
2025/4/3 15:40:00,34800
2025/4/3 15:40:00,34800
2025/4/3 15:40:00,34800
2025/4/3 15:40:00,34800
2025/4/3 15:40:00,34800
2025/4/3 15:40:00,34800
2025/4/3 15:40:00,34800
2025/4/3 15:40:00,34800
2025/4/3 15:40:00,34800
2025/4/3 15:40:00,34800
2025/4/3 15:40:00,34800
2025/4/3 15:40:00,34800
2025/4/3 15:40:00,34800
2025/4/3 15:40:00,34800
2025/4/3 15:40:00,34800
2025/4/3 15:40:00,34800
2025/4/3 15:40:00,34800
2025/4/3 15:40:00,34800
2025/4/3 15:40:00,34800
2025/4/3 15:40:00,34800
2025/4/3 15:40:00,34800
2025/4/3 15:40:00,34800
2025/4/3 15:40:00,34800
2025/4/3 15:40:00,34800
2025/4/3 15:40:00,34800
2025/4/3 15:40:00,34800
2025/4/3 15:40:00,34800
2025/4/3 15:40:00,34800
2025/4/3 15:40:00,34800
2025/4/3 15:40:00,34800
2025/4/3 15:40:00,34800
2025/4/3 15:40:00,34800
2025/4/3 15:40:00,34800
2025/4/3 15:40:00,34800
2025/4/3 15:40:00,34800
2025/4/3 15:40:00,34800
2025/4/3 15:40:00,34800
2025/4/3 15:40:00,34800
2025/4/3 15:40:00,34800
2025/4/3 15:40:00,34800
2025/4/3 15:40:00,34800
2025/4/3 15:40:00,34800
2025/4/3 15:40:00,34800
2025/4/3 15:40:00,34800
2025/4/3 15:40:00,34800
2025/4/3 15:40:00,34800
2025/4/3 15:40:00,34800
2025/4/3 15:40:00,34800
2025/4/3 15:40:00,34800
2025/4/3 15:40:00,34800
2025/4/3 15:40:00,34800
2025/4/3 15:40:00,34800
2025/4/3 15:40:00,34800
2025/4/3 15:40:00,34800
2025/4/3 15:40:00,34800
2025/4/3 15:40:00,34800
2025/4/3 15:40:00,34800
2025/4/3 15:40:00,34800
2025/4/3 15:40:00,34800
2025/4/3 15:40:00,34800
2025/4/3 15:40:00,34800
2025/4/3 15:40:00,34800
2025/4/3 15:40:00,34800
2025/4/3 15:40:00,34800
2025/4/3 15:40:00,34800
2025/4/3 15:40:00,34800
2025/4/3 15:40:00,34800
2025/4/3 15:40:00,34800
2025/4/3 15:40:00,34800
2025/4/3 15:40:00,34800
2025/4/3 15:40:00,34800
2025/4/3 15:40:00,34800
2025/4/3 15:40:00,34800
2025/4/3 15:40:00,34800
2025/4/3 15:40:00,34800
2025/4/3 15:40:00,34800
2025/4/3 15:40:00,34800
2025/4/3 15:40:00,34800
2025/4/3 15:40:00,34800
2025/4/3 15:40:00,34800
2025/4/3 15:40:00,34800
2025/4/3 15:40:00,34800
2025/4/3 15:40:00,34800
2025/4/3 15:40:00,34800
2025/4/3 15:40:00,34800
2025/4/3 15:40:00,34800
2025/4/3 15:40:00,34800
2025/4/3 15:40:00,34800
2025/4/3 15:40:00,34800
2025/4/3 15:40:00,34800
2025/4/3 15:40:00,34800
2025/4/3 15:40:00,34800
2025/4/3 15:40:00,34800
2025/4/3 15:40:00,34800
2025/4/3 15:40:00,34800
2025/4/3 15:40:00,34800
2025/4/3 15:40:00,34800
2025/4/3 15:40:00,34800
2025/4/3 15:40:00,34800
2025/4/3 15:40:00,34800
2025/4/3 15:40:00,34800
2025/4/3 15:40:00,34800
2025/4/3 15:40:00,34800
2025/4/3 15:40:00,34800
2025/4/3 15:40:00,34800
2025/4/3 15:40:00,34800
2025/4/3 15:40:00,34800
2025/4/3 15:40:00,34800
2025/4/3 15:40:00,34800
2025/4/3 15:40:00,34800
2025/4/3 15:40:00,34800
2025/4/3 15:40:00,34800
2025/4/3 15:40:00,34800
2025/4/3 15:40:00,34800
2025/4/3 15:40:00,34800
2025/4/3 15:40:00,34800
2025/4/3 15:40:00,34800
2025/4/3 15:40:00,34800
2025/4/3 15:40:00,34800
2025/4/3 15:40:00,34800
2025/4/3 15:40:00,34800
2025/4/3 15:40:00,34800
2025/4/3 15:40:00,34800
2025/4/3 15:40:00,34800
2025/4/3 15:40:00,34800
2025/4/3 15:40:00,34800
2025/4/3 15:40:00,34800
2025/4/3 15:40:00,34800
2025/4/3 15:40:00,34800
2025/4/3 15:40:00,34800
2025/4/3 15:40:00,34800
2025/4/3 15:40:00,34800
2025/4/3 15:40:00,34800
2025/4/3 15:40:00,34800
2025/4/3 15:40:00,34800
2025/4/3 15:40:00,34800
2025/4/3 15:40:00,34800
2025/4/3 15:40:00,34800
2025/4/3 15:40:00,34800
2025/4/3 15:40:00,34800
2025/4/3 15:40:00,34800
2025/4/3 15:40:00,34800
2025/4/3 15:40:00,34800
2025/4/3 15:40:00,34800
2025/4/3 15:40:00,34800
2025/4/3 15:40:00,34800
2025/4/3 15:40:00,34800
2025/4/3 15:40:00,34800
2025/4/3 15:40:00,34800
2025/4/3 15:40:00,34800
2025/4/3 15:40:00,34800
2025/4/3 15:40:00,34800
2025/4/3 15:40:00,34800
2025/4/3 15:40:00,34800
2025/4/3 15:40:00,34800
2025/4/3 15:40:00,34800
2025/4/3 15:40:00,34800
2025/4/3 15:40:00,34800
2025/4/3 15:40:00,34800
2025/4/3 15:40:00,34800
2025/4/3 15:40:00,34800
2025/4/3 15:40:00,34800
2025/4/3 15:40:00,34800
2025/4/3 15:40:00,34800
2025/4/3 15:40:00,34800
2025/4/3 15:40:00,34800
2025/4/3 15:40:00,34800
2025/4/3 15:40:00,34800
2025/4/3 15:40:00,34800
2025/4/3 15:40:00,34800
2025/4/3 15:40:00,34800
2025/4/3 15:40:00,34800
2025/4/3 15:40:00,34800
2025/4/3 15:40:00,34800
2025/4/3 15:40:00,34800
2025/4/3 15:40:00,34800
2025/4/3 15:40:00,34800
2025/4/3 15:40:00,34800
2025/4/3 15:40:00,34800
2025/4/3 15:40:00,34800
2025/4/3 15:40:00,34800
2025/4/3 15:40:00,34800
2025/4/3 15:40:00,34800
2025/4/3 15:40:00,34800
2025/4/3 15:40:00,34800
2025/4/3 15:40:00,34800
2025/4/3 15:40:00,34800
2025/4/3 15:40:00,34800
2025/4/3 15:40:00,34800
2025/4/3 15:40:00,34800
2025/4/3 15:40:00,34800
2025/4/3 15:40:00,34800
2025/4/3 15:40:00,34800
2025/4/3 15:40:00,34800
2025/4/3 15:40:00,34800
2025/4/3 15:40:00,34800
2025/4/3 15:40:00,34800
2025/4/3 15:40:00,34800
2025/4/3 15:40:00,34800
2025/4/3 15:40:00,34800
2025/4/3 15:40:00,34800
2025/4/3 15:40:00,34800
2025/4/3 15:40:00,34800
2025/4/3 15:40:00,34800
2025/4/3 15:40:00,34800
2025/4/3 15:40:00,34800
2025/4/3 15:40:00,34800
2025/4/3 15:40:00,34800
2025/4/3 15:40:00,34800
2025/4/3 15:40:00,34800
2025/4/3 15:40:00,34800
2025/4/3 15:40:00,34800
2025/4/3 15:40:00,34800
2025/4/3 15:40:00,34800
2025/4/3 15:40:00,34800
2025/4/3 15:40:00,34800
2025/4/3 15:40:00,34800
2025/4/3 15:40:00,34800
2025/4/3 15:40:00,34800
2025/4/3 15:40:00,34800
2025/4/3 15:40:00,34800
2025/4/3 15:40:00,34800
2025/4/3 15:40:00,34800
2025/4/3 15:40:00,34800
2025/4/3 15:40:00,34800
2025/4/3 15:40:00,34800
2025/4/3 15:40:00,34800
2025/4/3 15:40:00,34800
2025/4/3 15:40:00,34800
2025/4/3 15:40:00,34800
2025/4/3 15:40:00,34800
2025/4/3 15:40:00,34800
2025/4/3 15:40:00,34800
2025/4/3 15:40:00,34800
2025/4/3 15:40:00,34800
2025/4/3 15:40:00,34800
2025/4/3 15:40:00,34800
2025/4/3 15:40:00,34800
2025/4/3 15:40:00,34800
2025/4/3 15:40:00,34800
2025/4/3 15:40:00,34800
2025/4/3 15:40:00,34800
2025/4/3 15:40:00,34800
2025/4/3 15:40:00,34800
2025/4/3 15:40:00,34800
2025/4/3 15:40:00,34800
2025/4/3 15:40:00,34800
2025/4/3 15:40:00,34800
2025/4/3 15:40:00,34800
2025/4/3 15:40:00,34800
2025/4/3 15:40:00,34800
2025/4/3 15:40:00,34800
2025/4/3 15:40:00,34800
2025/4/3 15:40:00,34800
2025/4/3 15:40:00,34800
2025/4/3 15:40:00,34800
2025/4/3 15:40:00,34800
2025/4/3 15:40:00,34800
2025/4/3 15:40:00,34800
2025/4/3 15:40:00,34800
2025/4/3 15:40:00,34800
2025/4/3 15:40:00,34800
2025/4/3 15:40:00,34800
2025/4/3 15:40:00,34800
2025/4/3 15:40:00,34800
2025/4/3 15:40:00,34800
2025/4/3 15:40:00,34800
2025/4/3 15:40:00,34800
2025/4/3 15:40:00,34800
2025/4/3 15:40:00,34800
2025/4/3 15:40:00,34800
2025/4/3 15:40:00,34800
2025/4/3 15:40:00,34800
2025/4/3 15:40:00,34800
2025/4/3 15:40:00,34800
2025/4/3 15:40:00,34800
2025/4/3 15:40:00,34800
2025/4/3 15:40:00,34800
2025/4/3 15:40:00,34800
2025/4/3 15:40:00,34800
2025/4/3 15:40:00,34800
2025/4/3 15:40:00,34800
2025/4/3 15:40:00,34800
2025/4/3 15:40:00,34800
2025/4/3 15:40:00,34800
2025/4/3 15:40:00,34800
2025/4/3 15:40:00,34800
2025/4/3 15:40:00,34800
2025/4/3 15:40:00,34800
2025/4/3 15:40:00,34800
2025/4/3 15:40:00,34800
2025/4/3 15:40:00,34800
2025/4/3 15:40:00,34800
2025/4/3 15:40:00,34800
2025/4/3 15:40:00,34800
2025/4/3 15:40:00,34800
2025/4/3 15:40:00,34800
2025/4/3 15:40:00,34800
2025/4/3 15:40:00,34800
2025/4/3 15:40:00,34800
2025/4/3 15:40:00,34800
2025/4/3 15:40:00,34800
2025/4/3 15:40:00,34800
2025/4/3 15:40:00,34800
2025/4/3 15:40:00,34800
2025/4/3 15:40:00,34800
2025/4/3 15:40:00,34800
2025/4/3 15:40:00,34800
2025/4/3 15:40:00,34800
2025/4/3 15:40:00,34800
2025/4/3 15:40:00,34800
2025/4/3 15:40:00,34800
2025/4/3 15:40:00,34800
2025/4/3 15:40:00,34800
2025/4/3 15:40:00,34800
2025/4/3 15:40:00,34800
2025/4/3 15:40:00,34800
2025/4/3 15:40:00,34800
2025/4/3 15:40:00,34800
2025/4/3 15:40:00,34800
2025/4/3 15:40:00,34800
2025/4/3 15:40:00,34800
2025/4/3 15:40:00,34800
2025/4/3 15:40:00,34800
2025/4/3 15:40:00,34800
2025/4/3 15:40:00,34800
2025/4/3 15:40:00,34800
2025/4/3 15:40:00,34800
2025/4/3 15:40:00,34800
2025/4/3 15:40:00,34800
2025/4/3 15:40:00,34800
2025/4/3 15:40:00,34800
2025/4/3 15:40:00,34800
2025/4/3 15:40:00,34800
2025/4/3 15:40:00,34800
2025/4/3 15:40:00,34800
2025/4/3 15:40:00,34800
2025/4/3 15:40:00,34800
2025/4/3 15:40:00,34800
2025/4/3 15:40:00,34800
2025/4/3 15:40:00,34800
2025/4/3 15:40:00,34800
2025/4/3 15:40:00,34800
2025/4/3 15:40:00,34800
2025/4/3 15:40:00,34800
2025/4/3 15:40:00,34800
2025/4/3 15:40:00,34800
2025/4/3 15:40:00,34800
2025/4/3 15:40:00,34800
2025/4/3 15:40:00,34800
2025/4/3 15:40:00,34800
2025/4/3 15:40:00,34800
2025/4/3 15:40:00,34800
2025/4/3 15:40:00,34800
2025/4/3 15:40:00,34800
2025/4/3 15:40:00,34800
2025/4/3 15:40:00,34800
2025/4/3 15:40:00,34800
2025/4/3 15:40:00,34800
2025/4/3 15:40:00,34800
2025/4/3 15:40:00,34800
2025/4/3 15:40:00,34800
2025/4/3 15:40:00,34800
2025/4/3 15:40:00,34800
2025/4/3 15:40:00,34800
2025/4/3 15:40:00,34800
2025/4/3 15:40:00,34800
2025/4/3 15:40:00,34800
2025/4/3 15:40:00,34800
2025/4/3 15:40:00,34800
2025/4/3 15:40:00,34800
2025/4/3 15:40:00,34800
2025/4/3 15:40:00,34800
2025/4/3 15:40:00,34800
2025/4/3 15:40:00,34800
2025/4/3 15:40:00,34800
2025/4/3 15:40:00,34800
2025/4/3 15:40:00,34800
2025/4/3 15:40:00,34800
2025/4/3 15:40:00,34800
2025/4/3 15:40:00,34800
2025/4/3 15:40:00,34800
2025/4/3 15:40:00,34800
2025/4/3 15:40:00,34800
2025/4/3 15:40:00,34800
2025/4/3 15:40:00,34800
2025/4/3 15:40:00,34800
2025/4/3 15:40:00,34800
2025/4/3 15:40:00,34800
2025/4/3 15:40:00,34800
2025/4/3 15:40:00,34800
2025/4/3 15:40:00,34800
2025/4/3 15:40:00,34800
2025/4/3 15:40:00,34800
2025/4/3 15:40:00,34800
2025/4/3 15:40:00,34800
2025/4/3 15:40:00,34800
2025/4/3 15:40:00,34800
2025/4/3 15:40:00,34800
2025/4/3 15:40:00,34800
2025/4/3 15:40:00,34800
2025/4/3 15:40:00,34800
2025/4/3 15:40:00,34800
2025/4/3 15:40:00,34800
2025/4/3 15:40:00,34800
2025/4/3 15:40:00,34800
2025/4/3 15:40:00,34800
2025/4/3 15:40:00,34800
2025/4/3 15:40:00,34800
2025/4/3 15:40:00,34800
2025/4/3 15:40:00,34800
2025/4/3 15:40:00,34800
2025/4/3 15:40:00,34800
2025/4/3 15:40:00,34800
2025/4/3 15:40:00,34800
2025/4/3 15:40:00,34800
2025/4/3 15:40:00,34800
2025/4/3 15:40:00,34800
2025/4/3 15:40:00,34800
2025/4/3 15:40:00,34800
2025/4/3 15:40:00,34800
2025/4/3 15:40:00,34800
2025/4/3 15:40:00,34800
2025/4/3 15:40:00,34800
2025/4/3 15:40:00,34800
2025/4/3 15:40:00,34800
2025/4/3 15:40:00,34800
2025/4/3 15:40:00,34800
2025/4/3 15:40:00,34800
2025/4/3 15:40:00,34800
2025/4/3 15:40:00,34800
2025/4/3 15:40:00,34800
2025/4/3 15:40:00,34800
2025/4/3 15:40:00,34800
2025/4/3 15:40:00,34800
2025/4/3 15:40:00,34800
2025/4/3 15:40:00,34800
2025/4/3 15:40:00,34800
2025/4/3 15:40:00,34800
2025/4/3 15:40:00,34800
2025/4/3 15:40:00,34800
2025/4/3 15:40:00,34800
2025/4/3 15:40:00,34800
2025/4/3 15:40:00,34800
2025/4/3 15:40:00,34800
2025/4/3 15:40:00,34800
2025/4/3 15:40:00,34800
2025/4/3 15:40:00,34800
2025/4/3 15:40:00,34800
2025/4/3 15:40:00,34800
2025/4/3 15:40:00,34800
2025/4/3 15:40:00,34800
2025/4/3 15:40:00,34800
2025/4/3 15:40:00,34800
2025/4/3 15:40:00,34800
2025/4/3 15:40:00,34800
2025/4/3 15:40:00,34800
2025/4/3 15:40:00,34800
2025/4/3 15:40:00,34800
2025/4/3 15:40:00,34800
2025/4/3 15:40:00,34800
2025/4/3 15:40:00,34800
2025/4/3 15:40:00,34800
2025/4/3 15:40:00,34800
2025/4/3 15:40:00,34800
2025/4/3 15:40:00,34800
2025/4/3 15:40:00,34800
2025/4/3 15:40:00,34800
2025/4/3 15:40:00,34800
2025/4/3 15:40:00,34800
2025/4/3 15:40:00,34800
2025/4/3 15:40:00,34800
2025/4/3 15:40:00,34800
2025/4/3 15:40:00,34800
2025/4/3 15:40:00,34800
2025/4/3 15:40:00,34800
2025/4/3 15:40:00,34800
2025/4/3 15:40:00,34800
2025/4/3 15:40:00,34800
2025/4/3 15:40:00,34800
2025/4/3 15:40:00,34800
2025/4/3 15:40:00,34800
2025/4/3 15:40:00,34800
2025/4/3 15:40:00,34800
2025/4/3 15:40:00,34800
2025/4/3 15:40:00,34800
2025/4/3 15:40:00,34800
2025/4/3 15:40:00,34800
2025/4/3 15:40:00,34800
2025/4/3 15:40:00,34800
2025/4/3 15:40:00,34800
2025/4/3 15:40:00,34800
2025/4/3 15:40:00,34800
2025/4/3 15:40:00,34800
2025/4/3 15:40:00,34800
2025/4/3 15:40:00,34800
2025/4/3 15:40:00,34800
2025/4/3 15:40:00,34800
2025/4/3 15:40:00,34800
2025/4/3 15:45:01,34835
2025/4/3 15:45:01,34835
2025/4/3 15:45:01,34835
